PRAGMA foreign_keys=OFF;
BEGIN TRANSACTION;
CREATE TABLE User (
id INTEGER PRIMARY KEY AUTOINCREMENT,
account_name varchar(255),
password varchar(255),
user_role int
);
INSERT INTO "User" VALUES(1,'gzmask','121212',1);
INSERT INTO "User" VALUES(2,'daisy','123456',2);
INSERT INTO "User" VALUES(3,'tim','123456',2);
CREATE TABLE User_role (
id INTEGER PRIMARY KEY AUTOINCREMENT,
role_name varchar(255)
);
INSERT INTO "User_role" VALUES(1,'developer');
INSERT INTO "User_role" VALUES(2,'manager');
INSERT INTO "User_role" VALUES(3,'customer');
CREATE TABLE Item (
id INTEGER PRIMARY KEY AUTOINCREMENT,
item_name varchar(255),
item_type int,
plucode varchar(255),
price float,
cost float,
quantity int,
user_id int
);
INSERT INTO "Item" VALUES(44,'I5金属拉丝情侣壳',2,'103',26.99,2.67,NULL,2);
INSERT INTO "Item" VALUES(45,'I5金属拉丝情侣壳',2,'103',26.99,2.67,NULL,2);
INSERT INTO "Item" VALUES(46,'I5金属拉丝情侣壳',2,'103',26.99,2.67,NULL,2);
INSERT INTO "Item" VALUES(47,'I5金属拉丝情侣壳',2,'103',26.99,2.67,NULL,2);
INSERT INTO "Item" VALUES(52,'I5黑暗骑士保护壳',2,'105',36.99,3.67,NULL,2);
INSERT INTO "Item" VALUES(53,'I5黑暗骑士保护壳',2,'105',36.99,3.67,NULL,2);
INSERT INTO "Item" VALUES(54,'I5黑暗骑士保护壳',2,'105',36.99,3.67,NULL,2);
INSERT INTO "Item" VALUES(55,'I5黑暗骑士保护壳',2,'105',36.99,3.67,NULL,2);
INSERT INTO "Item" VALUES(56,'I5黑暗骑士保护壳',2,'105',36.99,3.67,NULL,2);
INSERT INTO "Item" VALUES(57,'I5黑暗骑士保护壳',2,'105',36.99,3.67,NULL,2);
INSERT INTO "Item" VALUES(58,'I5蜘蛛2件套保护壳',2,'106',49.99,6.33,NULL,2);
INSERT INTO "Item" VALUES(59,'I5蜘蛛2件套保护壳',2,'106',49.99,6.33,NULL,2);
INSERT INTO "Item" VALUES(60,'I5蜘蛛2件套保护壳',2,'106',49.99,6.33,NULL,2);
INSERT INTO "Item" VALUES(71,'I5半透明磨砂豹纹保护壳',2,'108',24.99,2.67,NULL,2);
INSERT INTO "Item" VALUES(72,'I5半透明磨砂豹纹保护壳',2,'108',24.99,2.67,NULL,2);
INSERT INTO "Item" VALUES(73,'I5半透明磨砂豹纹保护壳',2,'108',24.99,2.67,NULL,2);
INSERT INTO "Item" VALUES(74,'I5半透明磨砂豹纹保护壳',2,'108',24.99,2.67,NULL,2);
INSERT INTO "Item" VALUES(75,'I5半透明磨砂豹纹保护壳',2,'108',24.99,2.67,NULL,2);
INSERT INTO "Item" VALUES(76,'I5 3D镂空鸟巢保护壳',2,'107',9.99,0.93,NULL,2);
INSERT INTO "Item" VALUES(77,'I5 3D镂空鸟巢保护壳',2,'107',9.99,0.93,NULL,2);
INSERT INTO "Item" VALUES(78,'I5 3D镂空鸟巢保护壳',2,'107',9.99,0.93,NULL,2);
INSERT INTO "Item" VALUES(79,'I5 3D镂空鸟巢保护壳',2,'107',9.99,0.93,NULL,2);
INSERT INTO "Item" VALUES(80,'I5 3D镂空鸟巢保护壳',2,'107',9.99,0.93,NULL,2);
INSERT INTO "Item" VALUES(81,'I5 3D镂空鸟巢保护壳',2,'107',9.99,0.93,NULL,2);
INSERT INTO "Item" VALUES(82,'I5 3D镂空鸟巢保护壳',2,'107',9.99,0.93,NULL,2);
INSERT INTO "Item" VALUES(83,'I5 3D镂空鸟巢保护壳',2,'107',9.99,0.93,NULL,2);
INSERT INTO "Item" VALUES(84,'I5 3D镂空鸟巢保护壳',2,'107',9.99,0.93,NULL,2);
INSERT INTO "Item" VALUES(85,'I5 3D镂空鸟巢保护壳',2,'107',9.99,0.93,NULL,2);
INSERT INTO "Item" VALUES(86,'I5 Durable变形金刚金属保护壳',2,'109',49.99,7.0,NULL,2);
INSERT INTO "Item" VALUES(87,'I5 Durable变形金刚金属保护壳',2,'109',49.99,7.0,NULL,2);
INSERT INTO "Item" VALUES(88,'I5 Durable变形金刚金属保护壳',2,'109',49.99,7.0,NULL,2);
INSERT INTO "Item" VALUES(89,'I5超薄磨砂外壳',2,'110',3.99,0.33,NULL,2);
INSERT INTO "Item" VALUES(90,'I5超薄磨砂外壳',2,'110',3.99,0.33,NULL,2);
INSERT INTO "Item" VALUES(91,'I5超薄磨砂外壳',2,'110',3.99,0.33,NULL,2);
INSERT INTO "Item" VALUES(92,'I5超薄磨砂外壳',2,'110',3.99,0.33,NULL,2);
INSERT INTO "Item" VALUES(93,'I5超薄磨砂外壳',2,'110',3.99,0.33,NULL,2);
INSERT INTO "Item" VALUES(94,'I5超薄磨砂外壳',2,'110',3.99,0.33,NULL,2);
INSERT INTO "Item" VALUES(95,'I5超薄磨砂外壳',2,'110',3.99,0.33,NULL,2);
INSERT INTO "Item" VALUES(96,'I5超薄磨砂外壳',2,'110',3.99,0.33,NULL,2);
INSERT INTO "Item" VALUES(97,'I5超薄磨砂外壳',2,'110',3.99,0.33,NULL,2);
INSERT INTO "Item" VALUES(98,'I5超薄磨砂外壳',2,'110',3.99,0.33,NULL,2);
INSERT INTO "Item" VALUES(99,'I5超薄磨砂外壳',2,'110',3.99,0.33,NULL,2);
INSERT INTO "Item" VALUES(100,'I5超薄磨砂外壳',2,'110',3.99,0.33,NULL,2);
INSERT INTO "Item" VALUES(101,'I5超薄磨砂外壳',2,'110',3.99,0.33,NULL,2);
INSERT INTO "Item" VALUES(102,'I5超薄磨砂外壳',2,'110',3.99,0.33,NULL,2);
INSERT INTO "Item" VALUES(103,'I5超薄磨砂外壳',2,'110',3.99,0.33,NULL,2);
INSERT INTO "Item" VALUES(104,'I5超薄磨砂外壳',2,'110',3.99,0.33,NULL,2);
INSERT INTO "Item" VALUES(105,'I5超薄磨砂外壳',2,'110',3.99,0.33,NULL,2);
INSERT INTO "Item" VALUES(106,'I5超薄磨砂外壳',2,'110',3.99,0.33,NULL,2);
INSERT INTO "Item" VALUES(107,'I5超薄磨砂外壳',2,'110',3.99,0.33,NULL,2);
INSERT INTO "Item" VALUES(108,'I5超薄磨砂外壳',2,'110',3.99,0.33,NULL,2);
INSERT INTO "Item" VALUES(109,'I4/4s 积木硅胶外壳',2,'111',10.99,1.2,NULL,2);
INSERT INTO "Item" VALUES(110,'I4/4s 积木硅胶外壳',2,'111',10.99,1.2,NULL,2);
INSERT INTO "Item" VALUES(111,'I4/4s 积木硅胶外壳',2,'111',10.99,1.2,NULL,2);
INSERT INTO "Item" VALUES(112,'I4/4s 积木硅胶外壳',2,'111',10.99,1.2,NULL,2);
INSERT INTO "Item" VALUES(113,'I4/4s 积木硅胶外壳',2,'111',10.99,1.2,NULL,2);
INSERT INTO "Item" VALUES(114,'I4/4s SGP金属背壳',2,'112',19.99,2.0,NULL,2);
INSERT INTO "Item" VALUES(115,'I4/4s SGP金属背壳',2,'112',19.99,2.0,NULL,2);
INSERT INTO "Item" VALUES(116,'I4/4s SGP金属背壳',2,'112',19.99,2.0,NULL,2);
INSERT INTO "Item" VALUES(117,'I4/4s SGP金属背壳',2,'112',19.99,2.0,NULL,2);
INSERT INTO "Item" VALUES(118,'I4/4s SGP金属背壳',2,'112',19.99,2.0,NULL,2);
INSERT INTO "Item" VALUES(119,'I4/4s SGP金属背壳',2,'112',19.99,2.0,NULL,2);
INSERT INTO "Item" VALUES(120,'I4/4s SGP金属背壳',2,'112',19.99,2.0,NULL,2);
INSERT INTO "Item" VALUES(121,'I4/4s SGP金属背壳',2,'112',19.99,2.0,NULL,2);
INSERT INTO "Item" VALUES(122,'I4/4s SGP金属背壳',2,'112',19.99,2.0,NULL,2);
INSERT INTO "Item" VALUES(123,'I4/4s SGP金属背壳',2,'112',19.99,2.0,NULL,2);
INSERT INTO "Item" VALUES(124,'I4/4s SGP金属背壳',2,'112',19.99,2.0,NULL,2);
INSERT INTO "Item" VALUES(125,'I4/4s SGP金属背壳',2,'112',19.99,2.0,NULL,2);
INSERT INTO "Item" VALUES(126,'I4/4s SGP金属背壳',2,'112',19.99,2.0,NULL,2);
INSERT INTO "Item" VALUES(127,'I4/4s SGP金属背壳',2,'112',19.99,2.0,NULL,2);
INSERT INTO "Item" VALUES(128,'I4/4s SGP金属背壳',2,'112',19.99,2.0,NULL,2);
INSERT INTO "Item" VALUES(129,'I4/4s 麦克风保护壳',2,'113',36.99,3.33,NULL,2);
INSERT INTO "Item" VALUES(130,'I4/4s 麦克风保护壳',2,'113',36.99,3.33,NULL,2);
INSERT INTO "Item" VALUES(131,'I4/4s 麦克风保护壳',2,'113',36.99,3.33,NULL,2);
INSERT INTO "Item" VALUES(132,'I4/4s 超薄透明外壳','手机壳','114',4.99,0.5,NULL,2);
INSERT INTO "Item" VALUES(133,'I4/4s 超薄透明外壳','手机壳','114',4.99,0.5,NULL,2);
INSERT INTO "Item" VALUES(134,'I4/4s 超薄透明外壳','手机壳','114',4.99,0.5,NULL,2);
INSERT INTO "Item" VALUES(135,'I4/4s 超薄透明外壳','手机壳','114',4.99,0.5,NULL,2);
INSERT INTO "Item" VALUES(136,'I4/4s 超薄透明外壳','手机壳','114',4.99,0.5,NULL,2);
INSERT INTO "Item" VALUES(137,'I4/4s 超薄透明外壳','手机壳','114',4.99,0.5,NULL,2);
INSERT INTO "Item" VALUES(138,'I4/4s 超薄透明外壳','手机壳','114',4.99,0.5,NULL,2);
INSERT INTO "Item" VALUES(139,'I4/4s 超薄透明外壳','手机壳','114',4.99,0.5,NULL,2);
INSERT INTO "Item" VALUES(140,'I4/4s 超薄透明外壳','手机壳','114',4.99,0.5,NULL,2);
INSERT INTO "Item" VALUES(141,'I4/4s 超薄透明外壳','手机壳','114',4.99,0.5,NULL,2);
INSERT INTO "Item" VALUES(142,'I4/4s 超薄磨砂外壳',2,'115',3.99,0.33,NULL,2);
INSERT INTO "Item" VALUES(143,'I4/4s 超薄磨砂外壳',2,'115',3.99,0.33,NULL,2);
INSERT INTO "Item" VALUES(144,'I4/4s 超薄磨砂外壳',2,'115',3.99,0.33,NULL,2);
INSERT INTO "Item" VALUES(145,'I4/4s 超薄磨砂外壳',2,'115',3.99,0.33,NULL,2);
INSERT INTO "Item" VALUES(146,'I4/4s 超薄磨砂外壳',2,'115',3.99,0.33,NULL,2);
INSERT INTO "Item" VALUES(147,'I4/4s 超薄磨砂外壳',2,'115',3.99,0.33,NULL,2);
INSERT INTO "Item" VALUES(148,'I4/4s 超薄磨砂外壳',2,'115',3.99,0.33,NULL,2);
INSERT INTO "Item" VALUES(149,'I4/4s 超薄磨砂外壳',2,'115',3.99,0.33,NULL,2);
INSERT INTO "Item" VALUES(150,'I4/4s 超薄磨砂外壳',2,'115',3.99,0.33,NULL,2);
INSERT INTO "Item" VALUES(151,'I4/4s 超薄磨砂外壳',2,'115',3.99,0.33,NULL,2);
INSERT INTO "Item" VALUES(152,'I4/4s 硅胶磁带保护壳',2,'116',8.99,0.83,NULL,2);
INSERT INTO "Item" VALUES(153,'I4/4s 硅胶磁带保护壳',2,'116',8.99,0.83,NULL,2);
INSERT INTO "Item" VALUES(154,'I4/4s 硅胶磁带保护壳',2,'116',8.99,0.83,NULL,2);
INSERT INTO "Item" VALUES(155,'I4/4s 硅胶磁带保护壳',2,'116',8.99,0.83,NULL,2);
INSERT INTO "Item" VALUES(156,'I4/4s 硅胶磁带保护壳',2,'116',8.99,0.83,NULL,2);
INSERT INTO "Item" VALUES(157,'I4/4s 情侣闪粉保护壳',2,'117',11.99,1.17,NULL,2);
INSERT INTO "Item" VALUES(158,'I4/4s 情侣闪粉保护壳',2,'117',11.99,1.17,NULL,2);
INSERT INTO "Item" VALUES(159,'I4/4s 情侣闪粉保护壳',2,'117',11.99,1.17,NULL,2);
INSERT INTO "Item" VALUES(160,'I4/4s 情侣闪粉保护壳',2,'117',11.99,1.17,NULL,2);
INSERT INTO "Item" VALUES(161,'I4/4s 情侣闪粉保护壳',2,'117',11.99,1.17,NULL,2);
INSERT INTO "Item" VALUES(162,'I4/4s 情侣闪粉保护壳',2,'117',11.99,1.17,NULL,2);
INSERT INTO "Item" VALUES(163,'I4/4s 情侣闪粉保护壳',2,'117',11.99,1.17,NULL,2);
INSERT INTO "Item" VALUES(164,'I4/4s 情侣闪粉保护壳',2,'117',11.99,1.17,NULL,2);
INSERT INTO "Item" VALUES(165,'I4/4s 情侣闪粉保护壳',2,'117',11.99,1.17,NULL,2);
INSERT INTO "Item" VALUES(166,'I4/4s 情侣闪粉保护壳',2,'117',11.99,1.17,NULL,2);
INSERT INTO "Item" VALUES(167,'I4/4s 情侣闪粉保护壳',2,'117',11.99,1.17,NULL,2);
INSERT INTO "Item" VALUES(168,'I4/4s 情侣闪粉保护壳',2,'117',11.99,1.17,NULL,2);
INSERT INTO "Item" VALUES(169,'I4/4s 情侣闪粉保护壳',2,'117',11.99,1.17,NULL,2);
INSERT INTO "Item" VALUES(170,'I4/4s 情侣闪粉保护壳',2,'117',11.99,1.17,NULL,2);
INSERT INTO "Item" VALUES(171,'I4/4s 情侣闪粉保护壳',2,'117',11.99,1.17,NULL,2);
INSERT INTO "Item" VALUES(172,'I4/4s 情侣闪粉保护壳',2,'117',11.99,1.17,NULL,2);
INSERT INTO "Item" VALUES(173,'I4/4s 情侣闪粉保护壳',2,'117',11.99,1.17,NULL,2);
INSERT INTO "Item" VALUES(174,'I4/4s 情侣闪粉保护壳',2,'117',11.99,1.17,NULL,2);
INSERT INTO "Item" VALUES(175,'I4/4s 情侣闪粉保护壳',2,'117',11.99,1.17,NULL,2);
INSERT INTO "Item" VALUES(176,'I4/4s 情侣闪粉保护壳',2,'117',11.99,1.17,NULL,2);
INSERT INTO "Item" VALUES(177,'N7100 糖果硅胶保护壳',2,'118',19.99,2.0,NULL,2);
INSERT INTO "Item" VALUES(178,'N7100 糖果硅胶保护壳',2,'118',19.99,2.0,NULL,2);
INSERT INTO "Item" VALUES(179,'N7100 糖果硅胶保护壳',2,'118',19.99,2.0,NULL,2);
INSERT INTO "Item" VALUES(180,'N7100 糖果硅胶保护壳',2,'118',19.99,2.0,NULL,2);
INSERT INTO "Item" VALUES(181,'N7100 糖果硅胶保护壳',2,'118',19.99,2.0,NULL,2);
INSERT INTO "Item" VALUES(182,'N7100 糖果硅胶保护壳',2,'118',19.99,2.0,NULL,2);
INSERT INTO "Item" VALUES(183,'N7100 糖果硅胶保护壳',2,'118',19.99,2.0,NULL,2);
INSERT INTO "Item" VALUES(184,'N7100 糖果硅胶保护壳',2,'118',19.99,2.0,NULL,2);
INSERT INTO "Item" VALUES(185,'N7100 糖果硅胶保护壳',2,'118',19.99,2.0,NULL,2);
INSERT INTO "Item" VALUES(186,'N7100 糖果硅胶保护壳',2,'118',19.99,2.0,NULL,2);
INSERT INTO "Item" VALUES(190,'N7100 小鸡卡通保护壳',2,'119',29.99,3.33,NULL,2);
INSERT INTO "Item" VALUES(191,'N7100 小鸡卡通保护壳',2,'119',29.99,3.33,NULL,2);
INSERT INTO "Item" VALUES(192,'N7100 小鸡卡通保护壳',2,'119',29.99,3.33,NULL,2);
INSERT INTO "Item" VALUES(193,'N7100 TPU编制水波纹保护壳',2,'120',13.99,1.33,NULL,2);
INSERT INTO "Item" VALUES(194,'N7100 TPU编制水波纹保护壳',2,'120',13.99,1.33,NULL,2);
INSERT INTO "Item" VALUES(195,'N7100 TPU编制水波纹保护壳',2,'120',13.99,1.33,NULL,2);
INSERT INTO "Item" VALUES(196,'N7100 TPU编制水波纹保护壳',2,'120',13.99,1.33,NULL,2);
INSERT INTO "Item" VALUES(197,'N7100 TPU编制水波纹保护壳',2,'120',13.99,1.33,NULL,2);
INSERT INTO "Item" VALUES(198,'I9300 复古国旗保护壳','手机壳','121',16.99,1.67,NULL,2);
INSERT INTO "Item" VALUES(199,'I9300 复古国旗保护壳','手机壳','121',16.99,1.67,NULL,2);
INSERT INTO "Item" VALUES(200,'I9300 复古国旗保护壳','手机壳','121',16.99,1.67,NULL,2);
INSERT INTO "Item" VALUES(201,'I9300 复古国旗保护壳','手机壳','121',16.99,1.67,NULL,2);
INSERT INTO "Item" VALUES(202,'I9300 复古国旗保护壳','手机壳','121',16.99,1.67,NULL,2);
INSERT INTO "Item" VALUES(203,'I9300 复古国旗保护壳','手机壳','121',16.99,1.67,NULL,2);
INSERT INTO "Item" VALUES(204,'I9300 复古国旗保护壳','手机壳','121',16.99,1.67,NULL,2);
INSERT INTO "Item" VALUES(205,'I9300 复古国旗保护壳','手机壳','121',16.99,1.67,NULL,2);
INSERT INTO "Item" VALUES(206,'I9300 复古国旗保护壳','手机壳','121',16.99,1.67,NULL,2);
INSERT INTO "Item" VALUES(207,'I9300 复古国旗保护壳','手机壳','121',16.99,1.67,NULL,2);
INSERT INTO "Item" VALUES(208,'I9300 复古国旗保护壳','手机壳','121',16.99,1.67,NULL,2);
INSERT INTO "Item" VALUES(209,'I9300 复古国旗保护壳','手机壳','121',16.99,1.67,NULL,2);
INSERT INTO "Item" VALUES(210,'I9300 复古国旗保护壳','手机壳','121',16.99,1.67,NULL,2);
INSERT INTO "Item" VALUES(211,'I9300 复古国旗保护壳','手机壳','121',16.99,1.67,NULL,2);
INSERT INTO "Item" VALUES(212,'I9300 复古国旗保护壳','手机壳','121',16.99,1.67,NULL,2);
INSERT INTO "Item" VALUES(213,'I9300 SGP钢琴烤漆保护硬壳',2,'122',19.99,2.17,NULL,2);
INSERT INTO "Item" VALUES(214,'I9300 SGP钢琴烤漆保护硬壳',2,'122',19.99,2.17,NULL,2);
INSERT INTO "Item" VALUES(215,'I9300 SGP钢琴烤漆保护硬壳',2,'122',19.99,2.17,NULL,2);
INSERT INTO "Item" VALUES(216,'I9300 SGP钢琴烤漆保护硬壳',2,'122',19.99,2.17,NULL,2);
INSERT INTO "Item" VALUES(217,'I9300 SGP钢琴烤漆保护硬壳',2,'122',19.99,2.17,NULL,2);
INSERT INTO "Item" VALUES(218,'I9300 SGP钢琴烤漆保护硬壳',2,'122',19.99,2.17,NULL,2);
INSERT INTO "Item" VALUES(219,'I9300 SGP钢琴烤漆保护硬壳',2,'122',19.99,2.17,NULL,2);
INSERT INTO "Item" VALUES(220,'I9300 SGP钢琴烤漆保护硬壳',2,'122',19.99,2.17,NULL,2);
INSERT INTO "Item" VALUES(221,'I9300 SGP钢琴烤漆保护硬壳',2,'122',19.99,2.17,NULL,2);
INSERT INTO "Item" VALUES(222,'I9300 SGP钢琴烤漆保护硬壳',2,'122',19.99,2.17,NULL,2);
INSERT INTO "Item" VALUES(223,'I5 磨砂膜',3,'123',3.99,0.37,NULL,2);
INSERT INTO "Item" VALUES(224,'I5 磨砂膜',3,'123',3.99,0.37,NULL,2);
INSERT INTO "Item" VALUES(225,'I5 磨砂膜',3,'123',3.99,0.37,NULL,2);
INSERT INTO "Item" VALUES(226,'I5 磨砂膜',3,'123',3.99,0.37,NULL,2);
INSERT INTO "Item" VALUES(227,'I5 磨砂膜',3,'123',3.99,0.37,NULL,2);
INSERT INTO "Item" VALUES(228,'I5 磨砂膜',3,'123',3.99,0.37,NULL,2);
INSERT INTO "Item" VALUES(229,'I5 磨砂膜',3,'123',3.99,0.37,NULL,2);
INSERT INTO "Item" VALUES(230,'I5 磨砂膜',3,'123',3.99,0.37,NULL,2);
INSERT INTO "Item" VALUES(231,'I5 磨砂膜',3,'123',3.99,0.37,NULL,2);
INSERT INTO "Item" VALUES(232,'I5 磨砂膜',3,'123',3.99,0.37,NULL,2);
INSERT INTO "Item" VALUES(233,'I5 磨砂膜',3,'123',3.99,0.37,NULL,2);
INSERT INTO "Item" VALUES(234,'I5 磨砂膜',3,'123',3.99,0.37,NULL,2);
INSERT INTO "Item" VALUES(235,'I5 磨砂膜',3,'123',3.99,0.37,NULL,2);
INSERT INTO "Item" VALUES(236,'I5 磨砂膜',3,'123',3.99,0.37,NULL,2);
INSERT INTO "Item" VALUES(237,'I5 磨砂膜',3,'123',3.99,0.37,NULL,2);
INSERT INTO "Item" VALUES(238,'I5 磨砂膜',3,'123',3.99,0.37,NULL,2);
INSERT INTO "Item" VALUES(239,'I5 磨砂膜',3,'123',3.99,0.37,NULL,2);
INSERT INTO "Item" VALUES(240,'I5 磨砂膜',3,'123',3.99,0.37,NULL,2);
INSERT INTO "Item" VALUES(241,'I5 磨砂膜',3,'123',3.99,0.37,NULL,2);
INSERT INTO "Item" VALUES(242,'I5 磨砂膜',3,'123',3.99,0.37,NULL,2);
INSERT INTO "Item" VALUES(243,'I5 磨砂膜',3,'123',3.99,0.37,NULL,2);
INSERT INTO "Item" VALUES(244,'I5 磨砂膜',3,'123',3.99,0.37,NULL,2);
INSERT INTO "Item" VALUES(245,'I5 磨砂膜',3,'123',3.99,0.37,NULL,2);
INSERT INTO "Item" VALUES(246,'I5 磨砂膜',3,'123',3.99,0.37,NULL,2);
INSERT INTO "Item" VALUES(247,'I5 磨砂膜',3,'123',3.99,0.37,NULL,2);
INSERT INTO "Item" VALUES(248,'I5 磨砂膜',3,'123',3.99,0.37,NULL,2);
INSERT INTO "Item" VALUES(249,'I5 磨砂膜',3,'123',3.99,0.37,NULL,2);
INSERT INTO "Item" VALUES(250,'I5 磨砂膜',3,'123',3.99,0.37,NULL,2);
INSERT INTO "Item" VALUES(251,'I5 磨砂膜',3,'123',3.99,0.37,NULL,2);
INSERT INTO "Item" VALUES(252,'I5 磨砂膜',3,'123',3.99,0.37,NULL,2);
INSERT INTO "Item" VALUES(253,'I5 磨砂膜',3,'123',3.99,0.37,NULL,2);
INSERT INTO "Item" VALUES(254,'I5 磨砂膜',3,'123',3.99,0.37,NULL,2);
INSERT INTO "Item" VALUES(255,'I5 磨砂膜',3,'123',3.99,0.37,NULL,2);
INSERT INTO "Item" VALUES(256,'I5 磨砂膜',3,'123',3.99,0.37,NULL,2);
INSERT INTO "Item" VALUES(257,'I5 磨砂膜',3,'123',3.99,0.37,NULL,2);
INSERT INTO "Item" VALUES(258,'I5 磨砂膜',3,'123',3.99,0.37,NULL,2);
INSERT INTO "Item" VALUES(259,'I5 磨砂膜',3,'123',3.99,0.37,NULL,2);
INSERT INTO "Item" VALUES(260,'I5 磨砂膜',3,'123',3.99,0.37,NULL,2);
INSERT INTO "Item" VALUES(261,'I5 磨砂膜',3,'123',3.99,0.37,NULL,2);
INSERT INTO "Item" VALUES(262,'I5 磨砂膜',3,'123',3.99,0.37,NULL,2);
INSERT INTO "Item" VALUES(263,'I5 磨砂膜',3,'123',3.99,0.37,NULL,2);
INSERT INTO "Item" VALUES(264,'I5 磨砂膜',3,'123',3.99,0.37,NULL,2);
INSERT INTO "Item" VALUES(265,'I5 磨砂膜',3,'123',3.99,0.37,NULL,2);
INSERT INTO "Item" VALUES(266,'I5 磨砂膜',3,'123',3.99,0.37,NULL,2);
INSERT INTO "Item" VALUES(267,'I5 磨砂膜',3,'123',3.99,0.37,NULL,2);
INSERT INTO "Item" VALUES(268,'I5 磨砂膜',3,'123',3.99,0.37,NULL,2);
INSERT INTO "Item" VALUES(269,'I5 磨砂膜',3,'123',3.99,0.37,NULL,2);
INSERT INTO "Item" VALUES(270,'I5 磨砂膜',3,'123',3.99,0.37,NULL,2);
INSERT INTO "Item" VALUES(271,'I5 磨砂膜',3,'123',3.99,0.37,NULL,2);
INSERT INTO "Item" VALUES(272,'I5 磨砂膜',3,'123',3.99,0.37,NULL,2);
INSERT INTO "Item" VALUES(273,'I5 高清膜',3,'124',3.99,0.3,NULL,2);
INSERT INTO "Item" VALUES(274,'I5 高清膜',3,'124',3.99,0.3,NULL,2);
INSERT INTO "Item" VALUES(275,'I5 高清膜',3,'124',3.99,0.3,NULL,2);
INSERT INTO "Item" VALUES(276,'I5 高清膜',3,'124',3.99,0.3,NULL,2);
INSERT INTO "Item" VALUES(277,'I5 高清膜',3,'124',3.99,0.3,NULL,2);
INSERT INTO "Item" VALUES(278,'I5 高清膜',3,'124',3.99,0.3,NULL,2);
INSERT INTO "Item" VALUES(279,'I5 高清膜',3,'124',3.99,0.3,NULL,2);
INSERT INTO "Item" VALUES(280,'I5 高清膜',3,'124',3.99,0.3,NULL,2);
INSERT INTO "Item" VALUES(281,'I5 高清膜',3,'124',3.99,0.3,NULL,2);
INSERT INTO "Item" VALUES(282,'I5 高清膜',3,'124',3.99,0.3,NULL,2);
INSERT INTO "Item" VALUES(283,'I5 高清膜',3,'124',3.99,0.3,NULL,2);
INSERT INTO "Item" VALUES(284,'I5 高清膜',3,'124',3.99,0.3,NULL,2);
INSERT INTO "Item" VALUES(285,'I5 高清膜',3,'124',3.99,0.3,NULL,2);
INSERT INTO "Item" VALUES(286,'I5 高清膜',3,'124',3.99,0.3,NULL,2);
INSERT INTO "Item" VALUES(287,'I5 高清膜',3,'124',3.99,0.3,NULL,2);
INSERT INTO "Item" VALUES(288,'I5 高清膜',3,'124',3.99,0.3,NULL,2);
INSERT INTO "Item" VALUES(289,'I5 高清膜',3,'124',3.99,0.3,NULL,2);
INSERT INTO "Item" VALUES(290,'I5 高清膜',3,'124',3.99,0.3,NULL,2);
INSERT INTO "Item" VALUES(291,'I5 高清膜',3,'124',3.99,0.3,NULL,2);
INSERT INTO "Item" VALUES(292,'I5 高清膜',3,'124',3.99,0.3,NULL,2);
INSERT INTO "Item" VALUES(293,'I5 高清膜',3,'124',3.99,0.3,NULL,2);
INSERT INTO "Item" VALUES(294,'I5 高清膜',3,'124',3.99,0.3,NULL,2);
INSERT INTO "Item" VALUES(295,'I5 高清膜',3,'124',3.99,0.3,NULL,2);
INSERT INTO "Item" VALUES(296,'I5 高清膜',3,'124',3.99,0.3,NULL,2);
INSERT INTO "Item" VALUES(297,'I5 高清膜',3,'124',3.99,0.3,NULL,2);
INSERT INTO "Item" VALUES(298,'I5 高清膜',3,'124',3.99,0.3,NULL,2);
INSERT INTO "Item" VALUES(299,'I5 高清膜',3,'124',3.99,0.3,NULL,2);
INSERT INTO "Item" VALUES(300,'I5 高清膜',3,'124',3.99,0.3,NULL,2);
INSERT INTO "Item" VALUES(301,'I5 高清膜',3,'124',3.99,0.3,NULL,2);
INSERT INTO "Item" VALUES(302,'I5 高清膜',3,'124',3.99,0.3,NULL,2);
INSERT INTO "Item" VALUES(303,'I5 高清膜',3,'124',3.99,0.3,NULL,2);
INSERT INTO "Item" VALUES(304,'I5 高清膜',3,'124',3.99,0.3,NULL,2);
INSERT INTO "Item" VALUES(305,'I5 高清膜',3,'124',3.99,0.3,NULL,2);
INSERT INTO "Item" VALUES(306,'I5 高清膜',3,'124',3.99,0.3,NULL,2);
INSERT INTO "Item" VALUES(307,'I5 高清膜',3,'124',3.99,0.3,NULL,2);
INSERT INTO "Item" VALUES(308,'I5 高清膜',3,'124',3.99,0.3,NULL,2);
INSERT INTO "Item" VALUES(309,'I5 高清膜',3,'124',3.99,0.3,NULL,2);
INSERT INTO "Item" VALUES(310,'I5 高清膜',3,'124',3.99,0.3,NULL,2);
INSERT INTO "Item" VALUES(311,'I5 高清膜',3,'124',3.99,0.3,NULL,2);
INSERT INTO "Item" VALUES(312,'I5 高清膜',3,'124',3.99,0.3,NULL,2);
INSERT INTO "Item" VALUES(313,'I5 高清膜',3,'124',3.99,0.3,NULL,2);
INSERT INTO "Item" VALUES(314,'I5 高清膜',3,'124',3.99,0.3,NULL,2);
INSERT INTO "Item" VALUES(315,'I5 高清膜',3,'124',3.99,0.3,NULL,2);
INSERT INTO "Item" VALUES(316,'I5 高清膜',3,'124',3.99,0.3,NULL,2);
INSERT INTO "Item" VALUES(317,'I5 高清膜',3,'124',3.99,0.3,NULL,2);
INSERT INTO "Item" VALUES(318,'I5 高清膜',3,'124',3.99,0.3,NULL,2);
INSERT INTO "Item" VALUES(319,'I5 高清膜',3,'124',3.99,0.3,NULL,2);
INSERT INTO "Item" VALUES(320,'I5 高清膜',3,'124',3.99,0.3,NULL,2);
INSERT INTO "Item" VALUES(321,'I5 高清膜',3,'124',3.99,0.3,NULL,2);
INSERT INTO "Item" VALUES(322,'I5 高清膜',3,'124',3.99,0.3,NULL,2);
INSERT INTO "Item" VALUES(323,'I4/4s 双面高清膜',3,'125',4.99,0.4,NULL,2);
INSERT INTO "Item" VALUES(324,'I4/4s 双面高清膜',3,'125',4.99,0.4,NULL,2);
INSERT INTO "Item" VALUES(325,'I4/4s 双面高清膜',3,'125',4.99,0.4,NULL,2);
INSERT INTO "Item" VALUES(326,'I4/4s 双面高清膜',3,'125',4.99,0.4,NULL,2);
INSERT INTO "Item" VALUES(327,'I4/4s 双面高清膜',3,'125',4.99,0.4,NULL,2);
INSERT INTO "Item" VALUES(328,'I4/4s 双面高清膜',3,'125',4.99,0.4,NULL,2);
INSERT INTO "Item" VALUES(329,'I4/4s 双面高清膜',3,'125',4.99,0.4,NULL,2);
INSERT INTO "Item" VALUES(330,'I4/4s 双面高清膜',3,'125',4.99,0.4,NULL,2);
INSERT INTO "Item" VALUES(331,'I4/4s 双面高清膜',3,'125',4.99,0.4,NULL,2);
INSERT INTO "Item" VALUES(332,'I4/4s 双面高清膜',3,'125',4.99,0.4,NULL,2);
INSERT INTO "Item" VALUES(333,'I4/4s 双面高清膜',3,'125',4.99,0.4,NULL,2);
INSERT INTO "Item" VALUES(334,'I4/4s 双面高清膜',3,'125',4.99,0.4,NULL,2);
INSERT INTO "Item" VALUES(335,'I4/4s 双面高清膜',3,'125',4.99,0.4,NULL,2);
INSERT INTO "Item" VALUES(336,'I4/4s 双面高清膜',3,'125',4.99,0.4,NULL,2);
INSERT INTO "Item" VALUES(337,'I4/4s 双面高清膜',3,'125',4.99,0.4,NULL,2);
INSERT INTO "Item" VALUES(338,'I4/4s 双面高清膜',3,'125',4.99,0.4,NULL,2);
INSERT INTO "Item" VALUES(339,'I4/4s 双面高清膜',3,'125',4.99,0.4,NULL,2);
INSERT INTO "Item" VALUES(340,'I4/4s 双面高清膜',3,'125',4.99,0.4,NULL,2);
INSERT INTO "Item" VALUES(341,'I4/4s 双面高清膜',3,'125',4.99,0.4,NULL,2);
INSERT INTO "Item" VALUES(342,'I4/4s 双面高清膜',3,'125',4.99,0.4,NULL,2);
INSERT INTO "Item" VALUES(343,'I4/4s 双面高清膜',3,'125',4.99,0.4,NULL,2);
INSERT INTO "Item" VALUES(344,'I4/4s 双面高清膜',3,'125',4.99,0.4,NULL,2);
INSERT INTO "Item" VALUES(345,'I4/4s 双面高清膜',3,'125',4.99,0.4,NULL,2);
INSERT INTO "Item" VALUES(346,'I4/4s 双面高清膜',3,'125',4.99,0.4,NULL,2);
INSERT INTO "Item" VALUES(347,'I4/4s 双面高清膜',3,'125',4.99,0.4,NULL,2);
INSERT INTO "Item" VALUES(348,'I4/4s 双面高清膜',3,'125',4.99,0.4,NULL,2);
INSERT INTO "Item" VALUES(349,'I4/4s 双面高清膜',3,'125',4.99,0.4,NULL,2);
INSERT INTO "Item" VALUES(350,'I4/4s 双面高清膜',3,'125',4.99,0.4,NULL,2);
INSERT INTO "Item" VALUES(351,'I4/4s 双面高清膜',3,'125',4.99,0.4,NULL,2);
INSERT INTO "Item" VALUES(352,'I4/4s 双面高清膜',3,'125',4.99,0.4,NULL,2);
INSERT INTO "Item" VALUES(353,'I4/4s 双面高清膜',3,'125',4.99,0.4,NULL,2);
INSERT INTO "Item" VALUES(354,'I4/4s 双面高清膜',3,'125',4.99,0.4,NULL,2);
INSERT INTO "Item" VALUES(355,'I4/4s 双面高清膜',3,'125',4.99,0.4,NULL,2);
INSERT INTO "Item" VALUES(356,'I4/4s 双面高清膜',3,'125',4.99,0.4,NULL,2);
INSERT INTO "Item" VALUES(357,'I4/4s 双面高清膜',3,'125',4.99,0.4,NULL,2);
INSERT INTO "Item" VALUES(358,'I4/4s 双面高清膜',3,'125',4.99,0.4,NULL,2);
INSERT INTO "Item" VALUES(359,'I4/4s 双面高清膜',3,'125',4.99,0.4,NULL,2);
INSERT INTO "Item" VALUES(360,'I4/4s 双面高清膜',3,'125',4.99,0.4,NULL,2);
INSERT INTO "Item" VALUES(361,'I4/4s 双面高清膜',3,'125',4.99,0.4,NULL,2);
INSERT INTO "Item" VALUES(362,'I4/4s 双面高清膜',3,'125',4.99,0.4,NULL,2);
INSERT INTO "Item" VALUES(363,'I4/4s 双面高清膜',3,'125',4.99,0.4,NULL,2);
INSERT INTO "Item" VALUES(364,'I4/4s 双面高清膜',3,'125',4.99,0.4,NULL,2);
INSERT INTO "Item" VALUES(365,'I4/4s 双面高清膜',3,'125',4.99,0.4,NULL,2);
INSERT INTO "Item" VALUES(366,'I4/4s 双面高清膜',3,'125',4.99,0.4,NULL,2);
INSERT INTO "Item" VALUES(367,'I4/4s 双面高清膜',3,'125',4.99,0.4,NULL,2);
INSERT INTO "Item" VALUES(368,'I4/4s 双面高清膜',3,'125',4.99,0.4,NULL,2);
INSERT INTO "Item" VALUES(369,'I4/4s 双面高清膜',3,'125',4.99,0.4,NULL,2);
INSERT INTO "Item" VALUES(370,'I4/4s 双面高清膜',3,'125',4.99,0.4,NULL,2);
INSERT INTO "Item" VALUES(371,'I4/4s 双面高清膜',3,'125',4.99,0.4,NULL,2);
INSERT INTO "Item" VALUES(372,'I4/4s 双面高清膜',3,'125',4.99,0.4,NULL,2);
INSERT INTO "Item" VALUES(373,'I4/4s 双面磨砂膜',3,'126',4.99,0.5,NULL,2);
INSERT INTO "Item" VALUES(374,'I4/4s 双面磨砂膜',3,'126',4.99,0.5,NULL,2);
INSERT INTO "Item" VALUES(375,'I4/4s 双面磨砂膜',3,'126',4.99,0.5,NULL,2);
INSERT INTO "Item" VALUES(376,'I4/4s 双面磨砂膜',3,'126',4.99,0.5,NULL,2);
INSERT INTO "Item" VALUES(377,'I4/4s 双面磨砂膜',3,'126',4.99,0.5,NULL,2);
INSERT INTO "Item" VALUES(378,'I4/4s 双面磨砂膜',3,'126',4.99,0.5,NULL,2);
INSERT INTO "Item" VALUES(379,'I4/4s 双面磨砂膜',3,'126',4.99,0.5,NULL,2);
INSERT INTO "Item" VALUES(380,'I4/4s 双面磨砂膜',3,'126',4.99,0.5,NULL,2);
INSERT INTO "Item" VALUES(381,'I4/4s 双面磨砂膜',3,'126',4.99,0.5,NULL,2);
INSERT INTO "Item" VALUES(382,'I4/4s 双面磨砂膜',3,'126',4.99,0.5,NULL,2);
INSERT INTO "Item" VALUES(383,'I4/4s 双面磨砂膜',3,'126',4.99,0.5,NULL,2);
INSERT INTO "Item" VALUES(384,'I4/4s 双面磨砂膜',3,'126',4.99,0.5,NULL,2);
INSERT INTO "Item" VALUES(385,'I4/4s 双面磨砂膜',3,'126',4.99,0.5,NULL,2);
INSERT INTO "Item" VALUES(386,'I4/4s 双面磨砂膜',3,'126',4.99,0.5,NULL,2);
INSERT INTO "Item" VALUES(387,'I4/4s 双面磨砂膜',3,'126',4.99,0.5,NULL,2);
INSERT INTO "Item" VALUES(388,'I4/4s 双面磨砂膜',3,'126',4.99,0.5,NULL,2);
INSERT INTO "Item" VALUES(389,'I4/4s 双面磨砂膜',3,'126',4.99,0.5,NULL,2);
INSERT INTO "Item" VALUES(390,'I4/4s 双面磨砂膜',3,'126',4.99,0.5,NULL,2);
INSERT INTO "Item" VALUES(391,'I4/4s 双面磨砂膜',3,'126',4.99,0.5,NULL,2);
INSERT INTO "Item" VALUES(392,'I4/4s 双面磨砂膜',3,'126',4.99,0.5,NULL,2);
INSERT INTO "Item" VALUES(393,'I4/4s 双面磨砂膜',3,'126',4.99,0.5,NULL,2);
INSERT INTO "Item" VALUES(394,'I4/4s 双面磨砂膜',3,'126',4.99,0.5,NULL,2);
INSERT INTO "Item" VALUES(395,'I4/4s 双面磨砂膜',3,'126',4.99,0.5,NULL,2);
INSERT INTO "Item" VALUES(396,'I4/4s 双面磨砂膜',3,'126',4.99,0.5,NULL,2);
INSERT INTO "Item" VALUES(397,'I4/4s 双面磨砂膜',3,'126',4.99,0.5,NULL,2);
INSERT INTO "Item" VALUES(398,'I4/4s 双面磨砂膜',3,'126',4.99,0.5,NULL,2);
INSERT INTO "Item" VALUES(399,'I4/4s 双面磨砂膜',3,'126',4.99,0.5,NULL,2);
INSERT INTO "Item" VALUES(400,'I4/4s 双面磨砂膜',3,'126',4.99,0.5,NULL,2);
INSERT INTO "Item" VALUES(401,'I4/4s 双面磨砂膜',3,'126',4.99,0.5,NULL,2);
INSERT INTO "Item" VALUES(402,'I4/4s 双面磨砂膜',3,'126',4.99,0.5,NULL,2);
INSERT INTO "Item" VALUES(403,'I4/4s 双面磨砂膜',3,'126',4.99,0.5,NULL,2);
INSERT INTO "Item" VALUES(404,'I4/4s 双面磨砂膜',3,'126',4.99,0.5,NULL,2);
INSERT INTO "Item" VALUES(405,'I4/4s 双面磨砂膜',3,'126',4.99,0.5,NULL,2);
INSERT INTO "Item" VALUES(406,'I4/4s 双面磨砂膜',3,'126',4.99,0.5,NULL,2);
INSERT INTO "Item" VALUES(407,'I4/4s 双面磨砂膜',3,'126',4.99,0.5,NULL,2);
INSERT INTO "Item" VALUES(408,'I4/4s 双面磨砂膜',3,'126',4.99,0.5,NULL,2);
INSERT INTO "Item" VALUES(409,'I4/4s 双面磨砂膜',3,'126',4.99,0.5,NULL,2);
INSERT INTO "Item" VALUES(410,'I4/4s 双面磨砂膜',3,'126',4.99,0.5,NULL,2);
INSERT INTO "Item" VALUES(411,'I4/4s 双面磨砂膜',3,'126',4.99,0.5,NULL,2);
INSERT INTO "Item" VALUES(412,'I4/4s 双面磨砂膜',3,'126',4.99,0.5,NULL,2);
INSERT INTO "Item" VALUES(413,'I4/4s 双面磨砂膜',3,'126',4.99,0.5,NULL,2);
INSERT INTO "Item" VALUES(414,'I4/4s 双面磨砂膜',3,'126',4.99,0.5,NULL,2);
INSERT INTO "Item" VALUES(415,'I4/4s 双面磨砂膜',3,'126',4.99,0.5,NULL,2);
INSERT INTO "Item" VALUES(416,'I4/4s 双面磨砂膜',3,'126',4.99,0.5,NULL,2);
INSERT INTO "Item" VALUES(417,'I4/4s 双面磨砂膜',3,'126',4.99,0.5,NULL,2);
INSERT INTO "Item" VALUES(418,'I4/4s 双面磨砂膜',3,'126',4.99,0.5,NULL,2);
INSERT INTO "Item" VALUES(419,'I4/4s 双面磨砂膜',3,'126',4.99,0.5,NULL,2);
INSERT INTO "Item" VALUES(420,'I4/4s 双面磨砂膜',3,'126',4.99,0.5,NULL,2);
INSERT INTO "Item" VALUES(421,'I4/4s 双面磨砂膜',3,'126',4.99,0.5,NULL,2);
INSERT INTO "Item" VALUES(422,'I4/4s 双面磨砂膜',3,'126',4.99,0.5,NULL,2);
INSERT INTO "Item" VALUES(423,'I9500 钻石保护膜（S4)',3,'127',7.99,0.65,NULL,2);
INSERT INTO "Item" VALUES(424,'I9500 钻石保护膜（S4)',3,'127',7.99,0.65,NULL,2);
INSERT INTO "Item" VALUES(425,'I9500 钻石保护膜（S4)',3,'127',7.99,0.65,NULL,2);
INSERT INTO "Item" VALUES(426,'I9500 钻石保护膜（S4)',3,'127',7.99,0.65,NULL,2);
INSERT INTO "Item" VALUES(427,'I9500 钻石保护膜（S4)',3,'127',7.99,0.65,NULL,2);
INSERT INTO "Item" VALUES(428,'I9500 钻石保护膜（S4)',3,'127',7.99,0.65,NULL,2);
INSERT INTO "Item" VALUES(429,'I9500 钻石保护膜（S4)',3,'127',7.99,0.65,NULL,2);
INSERT INTO "Item" VALUES(430,'I9500 钻石保护膜（S4)',3,'127',7.99,0.65,NULL,2);
INSERT INTO "Item" VALUES(431,'I9500 钻石保护膜（S4)',3,'127',7.99,0.65,NULL,2);
INSERT INTO "Item" VALUES(432,'I9500 钻石保护膜（S4)',3,'127',7.99,0.65,NULL,2);
INSERT INTO "Item" VALUES(433,'I9500 钻石保护膜（S4)',3,'127',7.99,0.65,NULL,2);
INSERT INTO "Item" VALUES(434,'I9500 钻石保护膜（S4)',3,'127',7.99,0.65,NULL,2);
INSERT INTO "Item" VALUES(435,'I9500 钻石保护膜（S4)',3,'127',7.99,0.65,NULL,2);
INSERT INTO "Item" VALUES(436,'I9500 钻石保护膜（S4)',3,'127',7.99,0.65,NULL,2);
INSERT INTO "Item" VALUES(437,'I9500 钻石保护膜（S4)',3,'127',7.99,0.65,NULL,2);
INSERT INTO "Item" VALUES(438,'I9500 钻石保护膜（S4)',3,'127',7.99,0.65,NULL,2);
INSERT INTO "Item" VALUES(439,'I9500 钻石保护膜（S4)',3,'127',7.99,0.65,NULL,2);
INSERT INTO "Item" VALUES(440,'I9500 钻石保护膜（S4)',3,'127',7.99,0.65,NULL,2);
INSERT INTO "Item" VALUES(441,'I9500 钻石保护膜（S4)',3,'127',7.99,0.65,NULL,2);
INSERT INTO "Item" VALUES(442,'I9500 钻石保护膜（S4)',3,'127',7.99,0.65,NULL,2);
INSERT INTO "Item" VALUES(443,'I9300 磨砂保护膜（S3)',3,'128',6.99,0.43,NULL,2);
INSERT INTO "Item" VALUES(444,'I9300 磨砂保护膜（S3)',3,'128',6.99,0.43,NULL,2);
INSERT INTO "Item" VALUES(445,'I9300 磨砂保护膜（S3)',3,'128',6.99,0.43,NULL,2);
INSERT INTO "Item" VALUES(446,'I9300 磨砂保护膜（S3)',3,'128',6.99,0.43,NULL,2);
INSERT INTO "Item" VALUES(447,'I9300 磨砂保护膜（S3)',3,'128',6.99,0.43,NULL,2);
INSERT INTO "Item" VALUES(448,'I9300 磨砂保护膜（S3)',3,'128',6.99,0.43,NULL,2);
INSERT INTO "Item" VALUES(449,'I9300 磨砂保护膜（S3)',3,'128',6.99,0.43,NULL,2);
INSERT INTO "Item" VALUES(450,'I9300 磨砂保护膜（S3)',3,'128',6.99,0.43,NULL,2);
INSERT INTO "Item" VALUES(451,'I9300 磨砂保护膜（S3)',3,'128',6.99,0.43,NULL,2);
INSERT INTO "Item" VALUES(452,'I9300 磨砂保护膜（S3)',3,'128',6.99,0.43,NULL,2);
INSERT INTO "Item" VALUES(453,'I9300 磨砂保护膜（S3)',3,'128',6.99,0.43,NULL,2);
INSERT INTO "Item" VALUES(454,'I9300 磨砂保护膜（S3)',3,'128',6.99,0.43,NULL,2);
INSERT INTO "Item" VALUES(455,'I9300 磨砂保护膜（S3)',3,'128',6.99,0.43,NULL,2);
INSERT INTO "Item" VALUES(456,'I9300 磨砂保护膜（S3)',3,'128',6.99,0.43,NULL,2);
INSERT INTO "Item" VALUES(457,'I9300 磨砂保护膜（S3)',3,'128',6.99,0.43,NULL,2);
INSERT INTO "Item" VALUES(458,'I9300 磨砂保护膜（S3)',3,'128',6.99,0.43,NULL,2);
INSERT INTO "Item" VALUES(459,'I9300 磨砂保护膜（S3)',3,'128',6.99,0.43,NULL,2);
INSERT INTO "Item" VALUES(460,'I9300 磨砂保护膜（S3)',3,'128',6.99,0.43,NULL,2);
INSERT INTO "Item" VALUES(461,'I9300 磨砂保护膜（S3)',3,'128',6.99,0.43,NULL,2);
INSERT INTO "Item" VALUES(462,'I9300 磨砂保护膜（S3)',3,'128',6.99,0.43,NULL,2);
INSERT INTO "Item" VALUES(463,'N7100 钻石保护膜（Note2）',3,'129',9.99,0.73,NULL,2);
INSERT INTO "Item" VALUES(464,'N7100 钻石保护膜（Note2）',3,'129',9.99,0.73,NULL,2);
INSERT INTO "Item" VALUES(465,'N7100 钻石保护膜（Note2）',3,'129',9.99,0.73,NULL,2);
INSERT INTO "Item" VALUES(466,'N7100 钻石保护膜（Note2）',3,'129',9.99,0.73,NULL,2);
INSERT INTO "Item" VALUES(467,'N7100 钻石保护膜（Note2）',3,'129',9.99,0.73,NULL,2);
INSERT INTO "Item" VALUES(468,'N7100 钻石保护膜（Note2）',3,'129',9.99,0.73,NULL,2);
INSERT INTO "Item" VALUES(469,'N7100 钻石保护膜（Note2）',3,'129',9.99,0.73,NULL,2);
INSERT INTO "Item" VALUES(470,'N7100 钻石保护膜（Note2）',3,'129',9.99,0.73,NULL,2);
INSERT INTO "Item" VALUES(471,'N7100 钻石保护膜（Note2）',3,'129',9.99,0.73,NULL,2);
INSERT INTO "Item" VALUES(472,'N7100 钻石保护膜（Note2）',3,'129',9.99,0.73,NULL,2);
INSERT INTO "Item" VALUES(473,'N7100 钻石保护膜（Note2）',3,'129',9.99,0.73,NULL,2);
INSERT INTO "Item" VALUES(474,'N7100 钻石保护膜（Note2）',3,'129',9.99,0.73,NULL,2);
INSERT INTO "Item" VALUES(475,'N7100 钻石保护膜（Note2）',3,'129',9.99,0.73,NULL,2);
INSERT INTO "Item" VALUES(476,'N7100 钻石保护膜（Note2）',3,'129',9.99,0.73,NULL,2);
INSERT INTO "Item" VALUES(477,'N7100 钻石保护膜（Note2）',3,'129',9.99,0.73,NULL,2);
INSERT INTO "Item" VALUES(478,'N7100 钻石保护膜（Note2）',3,'129',9.99,0.73,NULL,2);
INSERT INTO "Item" VALUES(479,'N7100 钻石保护膜（Note2）',3,'129',9.99,0.73,NULL,2);
INSERT INTO "Item" VALUES(480,'N7100 钻石保护膜（Note2）',3,'129',9.99,0.73,NULL,2);
INSERT INTO "Item" VALUES(481,'N7100 钻石保护膜（Note2）',3,'129',9.99,0.73,NULL,2);
INSERT INTO "Item" VALUES(482,'N7100 钻石保护膜（Note2）',3,'129',9.99,0.73,NULL,2);
INSERT INTO "Item" VALUES(483,'iPad 荔枝纹皮套',4,'201',29.99,5.67,NULL,2);
INSERT INTO "Item" VALUES(484,'iPad 荔枝纹皮套',4,'201',29.99,5.67,NULL,2);
INSERT INTO "Item" VALUES(485,'iPad 荔枝纹皮套',4,'201',29.99,5.67,NULL,2);
INSERT INTO "Item" VALUES(486,'iPad 荔枝纹皮套',4,'201',29.99,5.67,NULL,2);
INSERT INTO "Item" VALUES(487,'iPad 荔枝纹皮套',4,'201',29.99,5.67,NULL,2);
INSERT INTO "Item" VALUES(488,'iPad 摩丝娃娃卡通皮套',4,'202',39.99,8.0,NULL,2);
INSERT INTO "Item" VALUES(489,'iPad 摩丝娃娃卡通皮套',4,'202',39.99,8.0,NULL,2);
INSERT INTO "Item" VALUES(490,'iPad 摩丝娃娃卡通皮套',4,'202',39.99,8.0,NULL,2);
INSERT INTO "Item" VALUES(491,'iPad 摩丝娃娃卡通皮套',4,'202',39.99,8.0,NULL,2);
INSERT INTO "Item" VALUES(492,'iPad 摩丝娃娃卡通皮套',4,'202',39.99,8.0,NULL,2);
INSERT INTO "Item" VALUES(493,'iPad 可旋转疯马皮套','iPad壳','203',35.99,6.33,NULL,2);
INSERT INTO "Item" VALUES(494,'iPad 可旋转疯马皮套','iPad壳','203',35.99,6.33,NULL,2);
INSERT INTO "Item" VALUES(495,'iPad 可旋转疯马皮套','iPad壳','203',35.99,6.33,NULL,2);
INSERT INTO "Item" VALUES(496,'iPad 可旋转疯马皮套','iPad壳','203',35.99,6.33,NULL,2);
INSERT INTO "Item" VALUES(497,'iPad 可旋转疯马皮套','iPad壳','203',35.99,6.33,NULL,2);
INSERT INTO "Item" VALUES(498,'iPad 太阳花保护套',4,'204',49.99,8.0,NULL,2);
INSERT INTO "Item" VALUES(499,'iPad 太阳花保护套',4,'204',49.99,8.0,NULL,2);
INSERT INTO "Item" VALUES(500,'iPad 太阳花保护套',4,'204',49.99,8.0,NULL,2);
INSERT INTO "Item" VALUES(501,'iPad mini 撞色皮套',4,'205',31.99,6.0,NULL,2);
INSERT INTO "Item" VALUES(502,'iPad mini 撞色皮套',4,'205',31.99,6.0,NULL,2);
INSERT INTO "Item" VALUES(503,'iPad mini 撞色皮套',4,'205',31.99,6.0,NULL,2);
INSERT INTO "Item" VALUES(504,'iPad mini 撞色皮套',4,'205',31.99,6.0,NULL,2);
INSERT INTO "Item" VALUES(505,'iPad mini 撞色皮套',4,'205',31.99,6.0,NULL,2);
INSERT INTO "Item" VALUES(506,'iPad mini 撞色皮套',4,'205',31.99,6.0,NULL,2);
INSERT INTO "Item" VALUES(507,'iPad mini 撞色皮套',4,'205',31.99,6.0,NULL,2);
INSERT INTO "Item" VALUES(508,'iPad mini 撞色皮套',4,'205',31.99,6.0,NULL,2);
INSERT INTO "Item" VALUES(509,'iPad mini 撞色皮套',4,'205',31.99,6.0,NULL,2);
INSERT INTO "Item" VALUES(510,'iPad mini 撞色皮套',4,'205',31.99,6.0,NULL,2);
INSERT INTO "Item" VALUES(511,'iPad mini 复古国旗支架外壳',4,'206',59.99,12.33,NULL,2);
INSERT INTO "Item" VALUES(512,'iPad mini 复古国旗支架外壳',4,'206',59.99,12.33,NULL,2);
INSERT INTO "Item" VALUES(513,'iPad mini 复古国旗支架外壳',4,'206',59.99,12.33,NULL,2);
INSERT INTO "Item" VALUES(514,'iPad mini 复古国旗支架外壳',4,'206',59.99,12.33,NULL,2);
INSERT INTO "Item" VALUES(515,'iPad mini 高清膜',5,'207',19.99,1.07,NULL,2);
INSERT INTO "Item" VALUES(516,'iPad mini 高清膜',5,'207',19.99,1.07,NULL,2);
INSERT INTO "Item" VALUES(517,'iPad mini 高清膜',5,'207',19.99,1.07,NULL,2);
INSERT INTO "Item" VALUES(518,'iPad mini 高清膜',5,'207',19.99,1.07,NULL,2);
INSERT INTO "Item" VALUES(519,'iPad mini 高清膜',5,'207',19.99,1.07,NULL,2);
INSERT INTO "Item" VALUES(520,'iPad mini 高清膜',5,'207',19.99,1.07,NULL,2);
INSERT INTO "Item" VALUES(521,'iPad mini 高清膜',5,'207',19.99,1.07,NULL,2);
INSERT INTO "Item" VALUES(522,'iPad mini 高清膜',5,'207',19.99,1.07,NULL,2);
INSERT INTO "Item" VALUES(523,'iPad mini 高清膜',5,'207',19.99,1.07,NULL,2);
INSERT INTO "Item" VALUES(524,'iPad mini 高清膜',5,'207',19.99,1.07,NULL,2);
INSERT INTO "Item" VALUES(525,'iPad mini 高清膜',5,'207',19.99,1.07,NULL,2);
INSERT INTO "Item" VALUES(526,'iPad mini 高清膜',5,'207',19.99,1.07,NULL,2);
INSERT INTO "Item" VALUES(527,'iPad mini 高清膜',5,'207',19.99,1.07,NULL,2);
INSERT INTO "Item" VALUES(528,'iPad mini 高清膜',5,'207',19.99,1.07,NULL,2);
INSERT INTO "Item" VALUES(529,'iPad mini 高清膜',5,'207',19.99,1.07,NULL,2);
INSERT INTO "Item" VALUES(530,'iPad mini 高清膜',5,'207',19.99,1.07,NULL,2);
INSERT INTO "Item" VALUES(531,'iPad mini 高清膜',5,'207',19.99,1.07,NULL,2);
INSERT INTO "Item" VALUES(532,'iPad mini 高清膜',5,'207',19.99,1.07,NULL,2);
INSERT INTO "Item" VALUES(533,'iPad mini 高清膜',5,'207',19.99,1.07,NULL,2);
INSERT INTO "Item" VALUES(534,'iPad mini 高清膜',5,'207',19.99,1.07,NULL,2);
INSERT INTO "Item" VALUES(535,'iPad mini 高清膜',5,'207',19.99,1.07,NULL,2);
INSERT INTO "Item" VALUES(536,'iPad mini 高清膜',5,'207',19.99,1.07,NULL,2);
INSERT INTO "Item" VALUES(537,'iPad mini 高清膜',5,'207',19.99,1.07,NULL,2);
INSERT INTO "Item" VALUES(538,'iPad mini 高清膜',5,'207',19.99,1.07,NULL,2);
INSERT INTO "Item" VALUES(539,'iPad mini 高清膜',5,'207',19.99,1.07,NULL,2);
INSERT INTO "Item" VALUES(540,'iPad mini 高清膜',5,'207',19.99,1.07,NULL,2);
INSERT INTO "Item" VALUES(541,'iPad mini 高清膜',5,'207',19.99,1.07,NULL,2);
INSERT INTO "Item" VALUES(542,'iPad mini 高清膜',5,'207',19.99,1.07,NULL,2);
INSERT INTO "Item" VALUES(543,'iPad mini 高清膜',5,'207',19.99,1.07,NULL,2);
INSERT INTO "Item" VALUES(544,'iPad mini 高清膜',5,'207',19.99,1.07,NULL,2);
INSERT INTO "Item" VALUES(545,'I5剪卡钳',6,'301',19.99,2.0,NULL,2);
INSERT INTO "Item" VALUES(546,'I5剪卡钳',6,'301',19.99,2.0,NULL,2);
INSERT INTO "Item" VALUES(547,'I5剪卡钳',6,'301',19.99,2.0,NULL,2);
INSERT INTO "Item" VALUES(548,'I5剪卡钳',6,'301',19.99,2.0,NULL,2);
INSERT INTO "Item" VALUES(549,'I5剪卡钳',6,'301',19.99,2.0,NULL,2);
INSERT INTO "Item" VALUES(550,'普通绕线器',6,'302',2.99,0.3,NULL,2);
INSERT INTO "Item" VALUES(551,'普通绕线器',6,'302',2.99,0.3,NULL,2);
INSERT INTO "Item" VALUES(552,'普通绕线器',6,'302',2.99,0.3,NULL,2);
INSERT INTO "Item" VALUES(553,'普通绕线器',6,'302',2.99,0.3,NULL,2);
INSERT INTO "Item" VALUES(554,'普通绕线器',6,'302',2.99,0.3,NULL,2);
INSERT INTO "Item" VALUES(555,'普通绕线器',6,'302',2.99,0.3,NULL,2);
INSERT INTO "Item" VALUES(556,'普通绕线器',6,'302',2.99,0.3,NULL,2);
INSERT INTO "Item" VALUES(557,'普通绕线器',6,'302',2.99,0.3,NULL,2);
INSERT INTO "Item" VALUES(558,'普通绕线器',6,'302',2.99,0.3,NULL,2);
INSERT INTO "Item" VALUES(559,'普通绕线器',6,'302',2.99,0.3,NULL,2);
INSERT INTO "Item" VALUES(560,'狗狗绕线器',6,'303',2.99,0.33,NULL,2);
INSERT INTO "Item" VALUES(561,'狗狗绕线器',6,'303',2.99,0.33,NULL,2);
INSERT INTO "Item" VALUES(562,'狗狗绕线器',6,'303',2.99,0.33,NULL,2);
INSERT INTO "Item" VALUES(563,'狗狗绕线器',6,'303',2.99,0.33,NULL,2);
INSERT INTO "Item" VALUES(564,'狗狗绕线器',6,'303',2.99,0.33,NULL,2);
INSERT INTO "Item" VALUES(565,'狗狗绕线器',6,'303',2.99,0.33,NULL,2);
INSERT INTO "Item" VALUES(566,'狗狗绕线器',6,'303',2.99,0.33,NULL,2);
INSERT INTO "Item" VALUES(567,'狗狗绕线器',6,'303',2.99,0.33,NULL,2);
INSERT INTO "Item" VALUES(568,'狗狗绕线器',6,'303',2.99,0.33,NULL,2);
INSERT INTO "Item" VALUES(569,'狗狗绕线器',6,'303',2.99,0.33,NULL,2);
INSERT INTO "Item" VALUES(570,'鱼骨绕线器','手机配件','304',2.99,0.15,NULL,2);
INSERT INTO "Item" VALUES(571,'鱼骨绕线器','手机配件','304',2.99,0.15,NULL,2);
INSERT INTO "Item" VALUES(572,'鱼骨绕线器','手机配件','304',2.99,0.15,NULL,2);
INSERT INTO "Item" VALUES(573,'鱼骨绕线器','手机配件','304',2.99,0.15,NULL,2);
INSERT INTO "Item" VALUES(574,'鱼骨绕线器','手机配件','304',2.99,0.15,NULL,2);
INSERT INTO "Item" VALUES(575,'鱼骨绕线器','手机配件','304',2.99,0.15,NULL,2);
INSERT INTO "Item" VALUES(576,'鱼骨绕线器','手机配件','304',2.99,0.15,NULL,2);
INSERT INTO "Item" VALUES(577,'鱼骨绕线器','手机配件','304',2.99,0.15,NULL,2);
INSERT INTO "Item" VALUES(578,'鱼骨绕线器','手机配件','304',2.99,0.15,NULL,2);
INSERT INTO "Item" VALUES(579,'鱼骨绕线器','手机配件','304',2.99,0.15,NULL,2);
INSERT INTO "Item" VALUES(580,'马桶抽手机支架',6,'305',2.99,0.33,NULL,2);
INSERT INTO "Item" VALUES(581,'马桶抽手机支架',6,'305',2.99,0.33,NULL,2);
INSERT INTO "Item" VALUES(582,'马桶抽手机支架',6,'305',2.99,0.33,NULL,2);
INSERT INTO "Item" VALUES(583,'马桶抽手机支架',6,'305',2.99,0.33,NULL,2);
INSERT INTO "Item" VALUES(584,'马桶抽手机支架',6,'305',2.99,0.33,NULL,2);
INSERT INTO "Item" VALUES(585,'马桶抽手机支架',6,'305',2.99,0.33,NULL,2);
INSERT INTO "Item" VALUES(586,'马桶抽手机支架',6,'305',2.99,0.33,NULL,2);
INSERT INTO "Item" VALUES(587,'马桶抽手机支架',6,'305',2.99,0.33,NULL,2);
INSERT INTO "Item" VALUES(588,'马桶抽手机支架',6,'305',2.99,0.33,NULL,2);
INSERT INTO "Item" VALUES(589,'马桶抽手机支架',6,'305',2.99,0.33,NULL,2);
INSERT INTO "Item" VALUES(590,'马桶抽手机支架',6,'305',2.99,0.33,NULL,2);
INSERT INTO "Item" VALUES(591,'马桶抽手机支架',6,'305',2.99,0.33,NULL,2);
INSERT INTO "Item" VALUES(592,'马桶抽手机支架',6,'305',2.99,0.33,NULL,2);
INSERT INTO "Item" VALUES(593,'马桶抽手机支架',6,'305',2.99,0.33,NULL,2);
INSERT INTO "Item" VALUES(594,'马桶抽手机支架',6,'305',2.99,0.33,NULL,2);
INSERT INTO "Item" VALUES(595,'马桶抽手机支架',6,'305',2.99,0.33,NULL,2);
INSERT INTO "Item" VALUES(596,'马桶抽手机支架',6,'305',2.99,0.33,NULL,2);
INSERT INTO "Item" VALUES(597,'马桶抽手机支架',6,'305',2.99,0.33,NULL,2);
INSERT INTO "Item" VALUES(598,'马桶抽手机支架',6,'305',2.99,0.33,NULL,2);
INSERT INTO "Item" VALUES(599,'马桶抽手机支架',6,'305',2.99,0.33,NULL,2);
INSERT INTO "Item" VALUES(600,'球型吸盘支架',6,'306',2.99,0.27,NULL,2);
INSERT INTO "Item" VALUES(601,'球型吸盘支架',6,'306',2.99,0.27,NULL,2);
INSERT INTO "Item" VALUES(602,'球型吸盘支架',6,'306',2.99,0.27,NULL,2);
INSERT INTO "Item" VALUES(603,'球型吸盘支架',6,'306',2.99,0.27,NULL,2);
INSERT INTO "Item" VALUES(604,'球型吸盘支架',6,'306',2.99,0.27,NULL,2);
INSERT INTO "Item" VALUES(605,'球型吸盘支架',6,'306',2.99,0.27,NULL,2);
INSERT INTO "Item" VALUES(606,'球型吸盘支架',6,'306',2.99,0.27,NULL,2);
INSERT INTO "Item" VALUES(607,'球型吸盘支架',6,'306',2.99,0.27,NULL,2);
INSERT INTO "Item" VALUES(608,'球型吸盘支架',6,'306',2.99,0.27,NULL,2);
INSERT INTO "Item" VALUES(609,'球型吸盘支架',6,'306',2.99,0.27,NULL,2);
INSERT INTO "Item" VALUES(610,'球型吸盘支架',6,'306',2.99,0.27,NULL,2);
INSERT INTO "Item" VALUES(611,'球型吸盘支架',6,'306',2.99,0.27,NULL,2);
INSERT INTO "Item" VALUES(612,'球型吸盘支架',6,'306',2.99,0.27,NULL,2);
INSERT INTO "Item" VALUES(613,'球型吸盘支架',6,'306',2.99,0.27,NULL,2);
INSERT INTO "Item" VALUES(614,'球型吸盘支架',6,'306',2.99,0.27,NULL,2);
INSERT INTO "Item" VALUES(615,'球型吸盘支架',6,'306',2.99,0.27,NULL,2);
INSERT INTO "Item" VALUES(616,'球型吸盘支架',6,'306',2.99,0.27,NULL,2);
INSERT INTO "Item" VALUES(617,'球型吸盘支架',6,'306',2.99,0.27,NULL,2);
INSERT INTO "Item" VALUES(618,'球型吸盘支架',6,'306',2.99,0.27,NULL,2);
INSERT INTO "Item" VALUES(619,'球型吸盘支架',6,'306',2.99,0.27,NULL,2);
INSERT INTO "Item" VALUES(620,'I5卡通USB防尘塞+Home键',6,'307',19.99,2.17,NULL,2);
INSERT INTO "Item" VALUES(621,'I5卡通USB防尘塞+Home键',6,'307',19.99,2.17,NULL,2);
INSERT INTO "Item" VALUES(622,'I5卡通USB防尘塞+Home键',6,'307',19.99,2.17,NULL,2);
INSERT INTO "Item" VALUES(623,'I5卡通USB防尘塞+Home键',6,'307',19.99,2.17,NULL,2);
INSERT INTO "Item" VALUES(624,'I5卡通USB防尘塞+Home键',6,'307',19.99,2.17,NULL,2);
INSERT INTO "Item" VALUES(625,'I5卡通USB防尘塞+Home键',6,'307',19.99,2.17,NULL,2);
INSERT INTO "Item" VALUES(626,'I5卡通USB防尘塞+Home键',6,'307',19.99,2.17,NULL,2);
INSERT INTO "Item" VALUES(627,'I5卡通USB防尘塞+Home键',6,'307',19.99,2.17,NULL,2);
INSERT INTO "Item" VALUES(628,'I5卡通USB防尘塞+Home键',6,'307',19.99,2.17,NULL,2);
INSERT INTO "Item" VALUES(629,'I5卡通USB防尘塞+Home键',6,'307',19.99,2.17,NULL,2);
INSERT INTO "Item" VALUES(630,'Home键水晶按钮贴',6,'308',2.99,0.4,NULL,2);
INSERT INTO "Item" VALUES(631,'Home键水晶按钮贴',6,'308',2.99,0.4,NULL,2);
INSERT INTO "Item" VALUES(632,'Home键水晶按钮贴',6,'308',2.99,0.4,NULL,2);
INSERT INTO "Item" VALUES(633,'Home键水晶按钮贴',6,'308',2.99,0.4,NULL,2);
INSERT INTO "Item" VALUES(634,'Home键水晶按钮贴',6,'308',2.99,0.4,NULL,2);
INSERT INTO "Item" VALUES(635,'Home键水晶按钮贴',6,'308',2.99,0.4,NULL,2);
INSERT INTO "Item" VALUES(636,'Home键水晶按钮贴',6,'308',2.99,0.4,NULL,2);
INSERT INTO "Item" VALUES(637,'Home键水晶按钮贴',6,'308',2.99,0.4,NULL,2);
INSERT INTO "Item" VALUES(638,'Home键水晶按钮贴',6,'308',2.99,0.4,NULL,2);
INSERT INTO "Item" VALUES(639,'Home键水晶按钮贴',6,'308',2.99,0.4,NULL,2);
INSERT INTO "Item" VALUES(640,'Home键水晶按钮贴',6,'308',2.99,0.4,NULL,2);
INSERT INTO "Item" VALUES(641,'Home键水晶按钮贴',6,'308',2.99,0.4,NULL,2);
INSERT INTO "Item" VALUES(642,'Home键水晶按钮贴',6,'308',2.99,0.4,NULL,2);
INSERT INTO "Item" VALUES(643,'Home键水晶按钮贴',6,'308',2.99,0.4,NULL,2);
INSERT INTO "Item" VALUES(644,'Home键水晶按钮贴',6,'308',2.99,0.4,NULL,2);
INSERT INTO "Item" VALUES(645,'Home键水晶按钮贴',6,'308',2.99,0.4,NULL,2);
INSERT INTO "Item" VALUES(646,'Home键水晶按钮贴',6,'308',2.99,0.4,NULL,2);
INSERT INTO "Item" VALUES(647,'Home键水晶按钮贴',6,'308',2.99,0.4,NULL,2);
INSERT INTO "Item" VALUES(648,'Home键水晶按钮贴',6,'308',2.99,0.4,NULL,2);
INSERT INTO "Item" VALUES(649,'Home键水晶按钮贴',6,'308',2.99,0.4,NULL,2);
INSERT INTO "Item" VALUES(650,'彩色车充',6,'309',5.99,0.53,NULL,2);
INSERT INTO "Item" VALUES(651,'彩色车充',6,'309',5.99,0.53,NULL,2);
INSERT INTO "Item" VALUES(652,'彩色车充',6,'309',5.99,0.53,NULL,2);
INSERT INTO "Item" VALUES(653,'彩色车充',6,'309',5.99,0.53,NULL,2);
INSERT INTO "Item" VALUES(654,'彩色车充',6,'309',5.99,0.53,NULL,2);
INSERT INTO "Item" VALUES(655,'彩色车充',6,'309',5.99,0.53,NULL,2);
INSERT INTO "Item" VALUES(656,'彩色车充',6,'309',5.99,0.53,NULL,2);
INSERT INTO "Item" VALUES(657,'彩色车充',6,'309',5.99,0.53,NULL,2);
INSERT INTO "Item" VALUES(658,'彩色车充',6,'309',5.99,0.53,NULL,2);
INSERT INTO "Item" VALUES(659,'彩色车充',6,'309',5.99,0.53,NULL,2);
INSERT INTO "Item" VALUES(660,'八爪鱼USB扩展转换器',6,'310',19.99,1.67,NULL,2);
INSERT INTO "Item" VALUES(661,'八爪鱼USB扩展转换器',6,'310',19.99,1.67,NULL,2);
INSERT INTO "Item" VALUES(662,'八爪鱼USB扩展转换器',6,'310',19.99,1.67,NULL,2);
INSERT INTO "Item" VALUES(663,'八爪鱼USB扩展转换器',6,'310',19.99,1.67,NULL,2);
INSERT INTO "Item" VALUES(664,'八爪鱼USB扩展转换器',6,'310',19.99,1.67,NULL,2);
INSERT INTO "Item" VALUES(665,'USB多功能数据线六合一',6,'311',23.99,2.27,NULL,2);
INSERT INTO "Item" VALUES(666,'USB多功能数据线六合一',6,'311',23.99,2.27,NULL,2);
INSERT INTO "Item" VALUES(667,'USB多功能数据线六合一',6,'311',23.99,2.27,NULL,2);
INSERT INTO "Item" VALUES(668,'USB多功能数据线六合一',6,'311',23.99,2.27,NULL,2);
INSERT INTO "Item" VALUES(669,'USB多功能数据线六合一',6,'311',23.99,2.27,NULL,2);
INSERT INTO "Item" VALUES(670,'USB多功能数据线六合一',6,'311',23.99,2.27,NULL,2);
INSERT INTO "Item" VALUES(671,'USB多功能数据线六合一',6,'311',23.99,2.27,NULL,2);
INSERT INTO "Item" VALUES(672,'USB多功能数据线六合一',6,'311',23.99,2.27,NULL,2);
INSERT INTO "Item" VALUES(673,'USB多功能数据线六合一',6,'311',23.99,2.27,NULL,2);
INSERT INTO "Item" VALUES(674,'USB多功能数据线六合一',6,'311',23.99,2.27,NULL,2);
INSERT INTO "Item" VALUES(675,'USB多功能数据线六合一',6,'311',23.99,2.27,NULL,2);
INSERT INTO "Item" VALUES(676,'USB多功能数据线六合一',6,'311',23.99,2.27,NULL,2);
INSERT INTO "Item" VALUES(677,'USB多功能数据线六合一',6,'311',23.99,2.27,NULL,2);
INSERT INTO "Item" VALUES(678,'USB多功能数据线六合一',6,'311',23.99,2.27,NULL,2);
INSERT INTO "Item" VALUES(679,'USB多功能数据线六合一',6,'311',23.99,2.27,NULL,2);
INSERT INTO "Item" VALUES(680,'I4/4s USB彩色充电器',6,'312',4.99,0.77,NULL,2);
INSERT INTO "Item" VALUES(681,'I4/4s USB彩色充电器',6,'312',4.99,0.77,NULL,2);
INSERT INTO "Item" VALUES(682,'I4/4s USB彩色充电器',6,'312',4.99,0.77,NULL,2);
INSERT INTO "Item" VALUES(683,'I4/4s USB彩色充电器',6,'312',4.99,0.77,NULL,2);
INSERT INTO "Item" VALUES(684,'I4/4s USB彩色充电器',6,'312',4.99,0.77,NULL,2);
INSERT INTO "Item" VALUES(685,'I4/4s USB彩色充电器',6,'312',4.99,0.77,NULL,2);
INSERT INTO "Item" VALUES(686,'I4/4s USB彩色充电器',6,'312',4.99,0.77,NULL,2);
INSERT INTO "Item" VALUES(687,'I4/4s USB彩色充电器',6,'312',4.99,0.77,NULL,2);
INSERT INTO "Item" VALUES(688,'I4/4s USB彩色充电器',6,'312',4.99,0.77,NULL,2);
INSERT INTO "Item" VALUES(689,'I4/4s USB彩色充电器',6,'312',4.99,0.77,NULL,2);
INSERT INTO "Item" VALUES(690,'I4/4s USB彩色充电器',6,'312',4.99,0.77,NULL,2);
INSERT INTO "Item" VALUES(691,'I4/4s USB彩色充电器',6,'312',4.99,0.77,NULL,2);
INSERT INTO "Item" VALUES(692,'I4/4s USB彩色充电器',6,'312',4.99,0.77,NULL,2);
INSERT INTO "Item" VALUES(693,'I4/4s USB彩色充电器',6,'312',4.99,0.77,NULL,2);
INSERT INTO "Item" VALUES(694,'I4/4s USB彩色充电器',6,'312',4.99,0.77,NULL,2);
INSERT INTO "Item" VALUES(695,'I4/4s USB彩色充电器',6,'312',4.99,0.77,NULL,2);
INSERT INTO "Item" VALUES(696,'I4/4s USB彩色充电器',6,'312',4.99,0.77,NULL,2);
INSERT INTO "Item" VALUES(697,'I4/4s USB彩色充电器',6,'312',4.99,0.77,NULL,2);
INSERT INTO "Item" VALUES(698,'I4/4s USB彩色充电器',6,'312',4.99,0.77,NULL,2);
INSERT INTO "Item" VALUES(699,'I4/4s USB彩色充电器',6,'312',4.99,0.77,NULL,2);
INSERT INTO "Item" VALUES(700,'I4/4s USB彩色充电器',6,'312',4.99,0.77,NULL,2);
INSERT INTO "Item" VALUES(701,'I4/4s USB彩色充电器',6,'312',4.99,0.77,NULL,2);
INSERT INTO "Item" VALUES(702,'I4/4s USB彩色充电器',6,'312',4.99,0.77,NULL,2);
INSERT INTO "Item" VALUES(703,'I4/4s USB彩色充电器',6,'312',4.99,0.77,NULL,2);
INSERT INTO "Item" VALUES(704,'I4/4s USB彩色充电器',6,'312',4.99,0.77,NULL,2);
INSERT INTO "Item" VALUES(705,'I4/4s USB彩色充电器',6,'312',4.99,0.77,NULL,2);
INSERT INTO "Item" VALUES(706,'I4/4s USB彩色充电器',6,'312',4.99,0.77,NULL,2);
INSERT INTO "Item" VALUES(707,'I4/4s USB彩色充电器',6,'312',4.99,0.77,NULL,2);
INSERT INTO "Item" VALUES(708,'I4/4s USB彩色充电器',6,'312',4.99,0.77,NULL,2);
INSERT INTO "Item" VALUES(709,'I4/4s USB彩色充电器',6,'312',4.99,0.77,NULL,2);
INSERT INTO "Item" VALUES(710,'I4/4s USB彩色充电器',6,'312',4.99,0.77,NULL,2);
INSERT INTO "Item" VALUES(711,'I4/4s USB彩色充电器',6,'312',4.99,0.77,NULL,2);
INSERT INTO "Item" VALUES(712,'I4/4s USB彩色充电器',6,'312',4.99,0.77,NULL,2);
INSERT INTO "Item" VALUES(713,'I4/4s USB彩色充电器',6,'312',4.99,0.77,NULL,2);
INSERT INTO "Item" VALUES(714,'I4/4s USB彩色充电器',6,'312',4.99,0.77,NULL,2);
INSERT INTO "Item" VALUES(715,'I4/4s USB彩色充电器',6,'312',4.99,0.77,NULL,2);
INSERT INTO "Item" VALUES(716,'I4/4s USB彩色充电器',6,'312',4.99,0.77,NULL,2);
INSERT INTO "Item" VALUES(717,'I4/4s USB彩色充电器',6,'312',4.99,0.77,NULL,2);
INSERT INTO "Item" VALUES(718,'I4/4s USB彩色充电器',6,'312',4.99,0.77,NULL,2);
INSERT INTO "Item" VALUES(719,'I4/4s USB彩色充电器',6,'312',4.99,0.77,NULL,2);
INSERT INTO "Item" VALUES(720,'I4/4s USB彩色充电器',6,'312',4.99,0.77,NULL,2);
INSERT INTO "Item" VALUES(721,'I4/4s USB彩色充电器',6,'312',4.99,0.77,NULL,2);
INSERT INTO "Item" VALUES(722,'I4/4s USB彩色充电器',6,'312',4.99,0.77,NULL,2);
INSERT INTO "Item" VALUES(723,'I4/4s USB彩色充电器',6,'312',4.99,0.77,NULL,2);
INSERT INTO "Item" VALUES(724,'I4/4s USB彩色充电器',6,'312',4.99,0.77,NULL,2);
INSERT INTO "Item" VALUES(725,'I4/4s USB彩色充电器',6,'312',4.99,0.77,NULL,2);
INSERT INTO "Item" VALUES(726,'I4/4s USB彩色充电器',6,'312',4.99,0.77,NULL,2);
INSERT INTO "Item" VALUES(727,'I4/4s USB彩色充电器',6,'312',4.99,0.77,NULL,2);
INSERT INTO "Item" VALUES(728,'I4/4s USB彩色充电器',6,'312',4.99,0.77,NULL,2);
INSERT INTO "Item" VALUES(729,'I4/4s USB彩色充电器',6,'312',4.99,0.77,NULL,2);
INSERT INTO "Item" VALUES(730,'三星面条数据线',6,'313',9.99,0.93,NULL,2);
INSERT INTO "Item" VALUES(731,'三星面条数据线',6,'313',9.99,0.93,NULL,2);
INSERT INTO "Item" VALUES(732,'三星面条数据线',6,'313',9.99,0.93,NULL,2);
INSERT INTO "Item" VALUES(733,'三星面条数据线',6,'313',9.99,0.93,NULL,2);
INSERT INTO "Item" VALUES(734,'三星面条数据线',6,'313',9.99,0.93,NULL,2);
INSERT INTO "Item" VALUES(735,'三星面条数据线',6,'313',9.99,0.93,NULL,2);
INSERT INTO "Item" VALUES(736,'三星面条数据线',6,'313',9.99,0.93,NULL,2);
INSERT INTO "Item" VALUES(737,'三星面条数据线',6,'313',9.99,0.93,NULL,2);
INSERT INTO "Item" VALUES(738,'三星面条数据线',6,'313',9.99,0.93,NULL,2);
INSERT INTO "Item" VALUES(739,'三星面条数据线',6,'313',9.99,0.93,NULL,2);
INSERT INTO "Item" VALUES(740,'三星面条数据线',6,'313',9.99,0.93,NULL,2);
INSERT INTO "Item" VALUES(741,'三星面条数据线',6,'313',9.99,0.93,NULL,2);
INSERT INTO "Item" VALUES(742,'三星面条数据线',6,'313',9.99,0.93,NULL,2);
INSERT INTO "Item" VALUES(743,'三星面条数据线',6,'313',9.99,0.93,NULL,2);
INSERT INTO "Item" VALUES(744,'三星面条数据线',6,'313',9.99,0.93,NULL,2);
INSERT INTO "Item" VALUES(745,'三星面条数据线',6,'313',9.99,0.93,NULL,2);
INSERT INTO "Item" VALUES(746,'三星面条数据线',6,'313',9.99,0.93,NULL,2);
INSERT INTO "Item" VALUES(747,'三星面条数据线',6,'313',9.99,0.93,NULL,2);
INSERT INTO "Item" VALUES(748,'三星面条数据线',6,'313',9.99,0.93,NULL,2);
INSERT INTO "Item" VALUES(749,'三星面条数据线',6,'313',9.99,0.93,NULL,2);
INSERT INTO "Item" VALUES(750,'I5 彩色面条数据线',6,'314',14.99,1.5,NULL,2);
INSERT INTO "Item" VALUES(751,'I5 彩色面条数据线',6,'314',14.99,1.5,NULL,2);
INSERT INTO "Item" VALUES(752,'I5 彩色面条数据线',6,'314',14.99,1.5,NULL,2);
INSERT INTO "Item" VALUES(753,'I5 彩色面条数据线',6,'314',14.99,1.5,NULL,2);
INSERT INTO "Item" VALUES(754,'I5 彩色面条数据线',6,'314',14.99,1.5,NULL,2);
INSERT INTO "Item" VALUES(755,'I5 彩色面条数据线',6,'314',14.99,1.5,NULL,2);
INSERT INTO "Item" VALUES(756,'I5 彩色面条数据线',6,'314',14.99,1.5,NULL,2);
INSERT INTO "Item" VALUES(757,'I5 彩色面条数据线',6,'314',14.99,1.5,NULL,2);
INSERT INTO "Item" VALUES(758,'I5 彩色面条数据线',6,'314',14.99,1.5,NULL,2);
INSERT INTO "Item" VALUES(759,'I5 彩色面条数据线',6,'314',14.99,1.5,NULL,2);
INSERT INTO "Item" VALUES(760,'I5 白色数据线/连接线',6,'315',16.99,1.67,NULL,2);
INSERT INTO "Item" VALUES(761,'I5 白色数据线/连接线',6,'315',16.99,1.67,NULL,2);
INSERT INTO "Item" VALUES(762,'I5 白色数据线/连接线',6,'315',16.99,1.67,NULL,2);
INSERT INTO "Item" VALUES(763,'I5 白色数据线/连接线',6,'315',16.99,1.67,NULL,2);
INSERT INTO "Item" VALUES(764,'I5 白色数据线/连接线',6,'315',16.99,1.67,NULL,2);
INSERT INTO "Item" VALUES(765,'I5 白色数据线/连接线',6,'315',16.99,1.67,NULL,2);
INSERT INTO "Item" VALUES(766,'I5 白色数据线/连接线',6,'315',16.99,1.67,NULL,2);
INSERT INTO "Item" VALUES(767,'I5 白色数据线/连接线',6,'315',16.99,1.67,NULL,2);
INSERT INTO "Item" VALUES(768,'I5 白色数据线/连接线',6,'315',16.99,1.67,NULL,2);
INSERT INTO "Item" VALUES(769,'I5 白色数据线/连接线',6,'315',16.99,1.67,NULL,2);
INSERT INTO "Item" VALUES(770,'I5 白色数据线/连接线',6,'315',16.99,1.67,NULL,2);
INSERT INTO "Item" VALUES(771,'I5 白色数据线/连接线',6,'315',16.99,1.67,NULL,2);
INSERT INTO "Item" VALUES(772,'I5 白色数据线/连接线',6,'315',16.99,1.67,NULL,2);
INSERT INTO "Item" VALUES(773,'I5 白色数据线/连接线',6,'315',16.99,1.67,NULL,2);
INSERT INTO "Item" VALUES(774,'I5 白色数据线/连接线',6,'315',16.99,1.67,NULL,2);
INSERT INTO "Item" VALUES(775,'I5 白色数据线/连接线',6,'315',16.99,1.67,NULL,2);
INSERT INTO "Item" VALUES(776,'I5 白色数据线/连接线',6,'315',16.99,1.67,NULL,2);
INSERT INTO "Item" VALUES(777,'I5 白色数据线/连接线',6,'315',16.99,1.67,NULL,2);
INSERT INTO "Item" VALUES(778,'I5 白色数据线/连接线',6,'315',16.99,1.67,NULL,2);
INSERT INTO "Item" VALUES(779,'I5 白色数据线/连接线',6,'315',16.99,1.67,NULL,2);
INSERT INTO "Item" VALUES(780,'iPad/I4/4s 彩色数据线',6,'316',7.99,0.77,NULL,2);
INSERT INTO "Item" VALUES(781,'iPad/I4/4s 彩色数据线',6,'316',7.99,0.77,NULL,2);
INSERT INTO "Item" VALUES(782,'iPad/I4/4s 彩色数据线',6,'316',7.99,0.77,NULL,2);
INSERT INTO "Item" VALUES(783,'iPad/I4/4s 彩色数据线',6,'316',7.99,0.77,NULL,2);
INSERT INTO "Item" VALUES(784,'iPad/I4/4s 彩色数据线',6,'316',7.99,0.77,NULL,2);
INSERT INTO "Item" VALUES(785,'iPad/I4/4s 彩色数据线',6,'316',7.99,0.77,NULL,2);
INSERT INTO "Item" VALUES(786,'iPad/I4/4s 彩色数据线',6,'316',7.99,0.77,NULL,2);
INSERT INTO "Item" VALUES(787,'iPad/I4/4s 彩色数据线',6,'316',7.99,0.77,NULL,2);
INSERT INTO "Item" VALUES(788,'iPad/I4/4s 彩色数据线',6,'316',7.99,0.77,NULL,2);
INSERT INTO "Item" VALUES(789,'iPad/I4/4s 彩色数据线',6,'316',7.99,0.77,NULL,2);
INSERT INTO "Item" VALUES(790,'iPad/I4/4s 彩色数据线',6,'316',7.99,0.77,NULL,2);
INSERT INTO "Item" VALUES(791,'iPad/I4/4s 彩色数据线',6,'316',7.99,0.77,NULL,2);
INSERT INTO "Item" VALUES(792,'iPad/I4/4s 彩色数据线',6,'316',7.99,0.77,NULL,2);
INSERT INTO "Item" VALUES(793,'iPad/I4/4s 彩色数据线',6,'316',7.99,0.77,NULL,2);
INSERT INTO "Item" VALUES(794,'iPad/I4/4s 彩色数据线',6,'316',7.99,0.77,NULL,2);
INSERT INTO "Item" VALUES(795,'iPad/I4/4s 彩色数据线',6,'316',7.99,0.77,NULL,2);
INSERT INTO "Item" VALUES(796,'iPad/I4/4s 彩色数据线',6,'316',7.99,0.77,NULL,2);
INSERT INTO "Item" VALUES(797,'iPad/I4/4s 彩色数据线',6,'316',7.99,0.77,NULL,2);
INSERT INTO "Item" VALUES(798,'iPad/I4/4s 彩色数据线',6,'316',7.99,0.77,NULL,2);
INSERT INTO "Item" VALUES(799,'iPad/I4/4s 彩色数据线',6,'316',7.99,0.77,NULL,2);
INSERT INTO "Item" VALUES(800,'iphone 还原SIM卡',6,'317',2.99,0.17,NULL,2);
INSERT INTO "Item" VALUES(801,'iphone 还原SIM卡',6,'317',2.99,0.17,NULL,2);
INSERT INTO "Item" VALUES(802,'iphone 还原SIM卡',6,'317',2.99,0.17,NULL,2);
INSERT INTO "Item" VALUES(803,'iphone 还原SIM卡',6,'317',2.99,0.17,NULL,2);
INSERT INTO "Item" VALUES(804,'iphone 还原SIM卡',6,'317',2.99,0.17,NULL,2);
INSERT INTO "Item" VALUES(805,'iphone 还原SIM卡',6,'317',2.99,0.17,NULL,2);
INSERT INTO "Item" VALUES(806,'iphone 还原SIM卡',6,'317',2.99,0.17,NULL,2);
INSERT INTO "Item" VALUES(807,'iphone 还原SIM卡',6,'317',2.99,0.17,NULL,2);
INSERT INTO "Item" VALUES(808,'iphone 还原SIM卡',6,'317',2.99,0.17,NULL,2);
INSERT INTO "Item" VALUES(809,'iphone 还原SIM卡',6,'317',2.99,0.17,NULL,2);
INSERT INTO "Item" VALUES(810,'美规电源转换插头','手机配件','318',4.99,0.37,NULL,2);
INSERT INTO "Item" VALUES(811,'美规电源转换插头','手机配件','318',4.99,0.37,NULL,2);
INSERT INTO "Item" VALUES(812,'美规电源转换插头','手机配件','318',4.99,0.37,NULL,2);
INSERT INTO "Item" VALUES(813,'美规电源转换插头','手机配件','318',4.99,0.37,NULL,2);
INSERT INTO "Item" VALUES(814,'美规电源转换插头','手机配件','318',4.99,0.37,NULL,2);
INSERT INTO "Item" VALUES(815,'美规电源转换插头','手机配件','318',4.99,0.37,NULL,2);
INSERT INTO "Item" VALUES(816,'美规电源转换插头','手机配件','318',4.99,0.37,NULL,2);
INSERT INTO "Item" VALUES(817,'美规电源转换插头','手机配件','318',4.99,0.37,NULL,2);
INSERT INTO "Item" VALUES(818,'美规电源转换插头','手机配件','318',4.99,0.37,NULL,2);
INSERT INTO "Item" VALUES(819,'美规电源转换插头','手机配件','318',4.99,0.37,NULL,2);
INSERT INTO "Item" VALUES(820,'美规电源转换插头','手机配件','318',4.99,0.37,NULL,2);
INSERT INTO "Item" VALUES(821,'美规电源转换插头','手机配件','318',4.99,0.37,NULL,2);
INSERT INTO "Item" VALUES(822,'美规电源转换插头','手机配件','318',4.99,0.37,NULL,2);
INSERT INTO "Item" VALUES(823,'美规电源转换插头','手机配件','318',4.99,0.37,NULL,2);
INSERT INTO "Item" VALUES(824,'美规电源转换插头','手机配件','318',4.99,0.37,NULL,2);
INSERT INTO "Item" VALUES(825,'美规电源转换插头','手机配件','318',4.99,0.37,NULL,2);
INSERT INTO "Item" VALUES(826,'美规电源转换插头','手机配件','318',4.99,0.37,NULL,2);
INSERT INTO "Item" VALUES(827,'美规电源转换插头','手机配件','318',4.99,0.37,NULL,2);
INSERT INTO "Item" VALUES(828,'美规电源转换插头','手机配件','318',4.99,0.37,NULL,2);
INSERT INTO "Item" VALUES(829,'美规电源转换插头','手机配件','318',4.99,0.37,NULL,2);
INSERT INTO "Item" VALUES(830,'美规电源转换插头','手机配件','318',4.99,0.37,NULL,2);
INSERT INTO "Item" VALUES(831,'美规电源转换插头','手机配件','318',4.99,0.37,NULL,2);
INSERT INTO "Item" VALUES(832,'美规电源转换插头','手机配件','318',4.99,0.37,NULL,2);
INSERT INTO "Item" VALUES(833,'美规电源转换插头','手机配件','318',4.99,0.37,NULL,2);
INSERT INTO "Item" VALUES(834,'美规电源转换插头','手机配件','318',4.99,0.37,NULL,2);
INSERT INTO "Item" VALUES(835,'美规电源转换插头','手机配件','318',4.99,0.37,NULL,2);
INSERT INTO "Item" VALUES(836,'美规电源转换插头','手机配件','318',4.99,0.37,NULL,2);
INSERT INTO "Item" VALUES(837,'美规电源转换插头','手机配件','318',4.99,0.37,NULL,2);
INSERT INTO "Item" VALUES(838,'美规电源转换插头','手机配件','318',4.99,0.37,NULL,2);
INSERT INTO "Item" VALUES(839,'美规电源转换插头','手机配件','318',4.99,0.37,NULL,2);
INSERT INTO "Item" VALUES(840,'美规电源转换插头','手机配件','318',4.99,0.37,NULL,2);
INSERT INTO "Item" VALUES(841,'美规电源转换插头','手机配件','318',4.99,0.37,NULL,2);
INSERT INTO "Item" VALUES(842,'美规电源转换插头','手机配件','318',4.99,0.37,NULL,2);
INSERT INTO "Item" VALUES(843,'美规电源转换插头','手机配件','318',4.99,0.37,NULL,2);
INSERT INTO "Item" VALUES(844,'美规电源转换插头','手机配件','318',4.99,0.37,NULL,2);
INSERT INTO "Item" VALUES(845,'美规电源转换插头','手机配件','318',4.99,0.37,NULL,2);
INSERT INTO "Item" VALUES(846,'美规电源转换插头','手机配件','318',4.99,0.37,NULL,2);
INSERT INTO "Item" VALUES(847,'美规电源转换插头','手机配件','318',4.99,0.37,NULL,2);
INSERT INTO "Item" VALUES(848,'美规电源转换插头','手机配件','318',4.99,0.37,NULL,2);
INSERT INTO "Item" VALUES(849,'美规电源转换插头','手机配件','318',4.99,0.37,NULL,2);
INSERT INTO "Item" VALUES(850,'美规电源转换插头','手机配件','318',4.99,0.37,NULL,2);
INSERT INTO "Item" VALUES(851,'美规电源转换插头','手机配件','318',4.99,0.37,NULL,2);
INSERT INTO "Item" VALUES(852,'美规电源转换插头','手机配件','318',4.99,0.37,NULL,2);
INSERT INTO "Item" VALUES(853,'美规电源转换插头','手机配件','318',4.99,0.37,NULL,2);
INSERT INTO "Item" VALUES(854,'美规电源转换插头','手机配件','318',4.99,0.37,NULL,2);
INSERT INTO "Item" VALUES(855,'美规电源转换插头','手机配件','318',4.99,0.37,NULL,2);
INSERT INTO "Item" VALUES(856,'美规电源转换插头','手机配件','318',4.99,0.37,NULL,2);
INSERT INTO "Item" VALUES(857,'美规电源转换插头','手机配件','318',4.99,0.37,NULL,2);
INSERT INTO "Item" VALUES(858,'美规电源转换插头','手机配件','318',4.99,0.37,NULL,2);
INSERT INTO "Item" VALUES(859,'美规电源转换插头','手机配件','318',4.99,0.37,NULL,2);
INSERT INTO "Item" VALUES(860,'美规电源转换插头','手机配件','318',4.99,0.37,NULL,2);
INSERT INTO "Item" VALUES(861,'美规电源转换插头','手机配件','318',4.99,0.37,NULL,2);
INSERT INTO "Item" VALUES(862,'美规电源转换插头','手机配件','318',4.99,0.37,NULL,2);
INSERT INTO "Item" VALUES(863,'美规电源转换插头','手机配件','318',4.99,0.37,NULL,2);
INSERT INTO "Item" VALUES(864,'美规电源转换插头','手机配件','318',4.99,0.37,NULL,2);
INSERT INTO "Item" VALUES(865,'美规电源转换插头','手机配件','318',4.99,0.37,NULL,2);
INSERT INTO "Item" VALUES(866,'美规电源转换插头','手机配件','318',4.99,0.37,NULL,2);
INSERT INTO "Item" VALUES(867,'美规电源转换插头','手机配件','318',4.99,0.37,NULL,2);
INSERT INTO "Item" VALUES(868,'美规电源转换插头','手机配件','318',4.99,0.37,NULL,2);
INSERT INTO "Item" VALUES(869,'美规电源转换插头','手机配件','318',4.99,0.37,NULL,2);
INSERT INTO "Item" VALUES(870,'美规电源转换插头','手机配件','318',4.99,0.37,NULL,2);
INSERT INTO "Item" VALUES(871,'美规电源转换插头','手机配件','318',4.99,0.37,NULL,2);
INSERT INTO "Item" VALUES(872,'美规电源转换插头','手机配件','318',4.99,0.37,NULL,2);
INSERT INTO "Item" VALUES(873,'美规电源转换插头','手机配件','318',4.99,0.37,NULL,2);
INSERT INTO "Item" VALUES(874,'美规电源转换插头','手机配件','318',4.99,0.37,NULL,2);
INSERT INTO "Item" VALUES(875,'美规电源转换插头','手机配件','318',4.99,0.37,NULL,2);
INSERT INTO "Item" VALUES(876,'美规电源转换插头','手机配件','318',4.99,0.37,NULL,2);
INSERT INTO "Item" VALUES(877,'美规电源转换插头','手机配件','318',4.99,0.37,NULL,2);
INSERT INTO "Item" VALUES(878,'美规电源转换插头','手机配件','318',4.99,0.37,NULL,2);
INSERT INTO "Item" VALUES(879,'美规电源转换插头','手机配件','318',4.99,0.37,NULL,2);
INSERT INTO "Item" VALUES(880,'美规电源转换插头','手机配件','318',4.99,0.37,NULL,2);
INSERT INTO "Item" VALUES(881,'美规电源转换插头','手机配件','318',4.99,0.37,NULL,2);
INSERT INTO "Item" VALUES(882,'美规电源转换插头','手机配件','318',4.99,0.37,NULL,2);
INSERT INTO "Item" VALUES(883,'美规电源转换插头','手机配件','318',4.99,0.37,NULL,2);
INSERT INTO "Item" VALUES(884,'美规电源转换插头','手机配件','318',4.99,0.37,NULL,2);
INSERT INTO "Item" VALUES(885,'美规电源转换插头','手机配件','318',4.99,0.37,NULL,2);
INSERT INTO "Item" VALUES(886,'美规电源转换插头','手机配件','318',4.99,0.37,NULL,2);
INSERT INTO "Item" VALUES(887,'美规电源转换插头','手机配件','318',4.99,0.37,NULL,2);
INSERT INTO "Item" VALUES(888,'美规电源转换插头','手机配件','318',4.99,0.37,NULL,2);
INSERT INTO "Item" VALUES(889,'美规电源转换插头','手机配件','318',4.99,0.37,NULL,2);
INSERT INTO "Item" VALUES(890,'美规电源转换插头','手机配件','318',4.99,0.37,NULL,2);
INSERT INTO "Item" VALUES(891,'美规电源转换插头','手机配件','318',4.99,0.37,NULL,2);
INSERT INTO "Item" VALUES(892,'美规电源转换插头','手机配件','318',4.99,0.37,NULL,2);
INSERT INTO "Item" VALUES(893,'美规电源转换插头','手机配件','318',4.99,0.37,NULL,2);
INSERT INTO "Item" VALUES(894,'美规电源转换插头','手机配件','318',4.99,0.37,NULL,2);
INSERT INTO "Item" VALUES(895,'美规电源转换插头','手机配件','318',4.99,0.37,NULL,2);
INSERT INTO "Item" VALUES(896,'美规电源转换插头','手机配件','318',4.99,0.37,NULL,2);
INSERT INTO "Item" VALUES(897,'美规电源转换插头','手机配件','318',4.99,0.37,NULL,2);
INSERT INTO "Item" VALUES(898,'美规电源转换插头','手机配件','318',4.99,0.37,NULL,2);
INSERT INTO "Item" VALUES(899,'美规电源转换插头','手机配件','318',4.99,0.37,NULL,2);
INSERT INTO "Item" VALUES(900,'美规电源转换插头','手机配件','318',4.99,0.37,NULL,2);
INSERT INTO "Item" VALUES(901,'美规电源转换插头','手机配件','318',4.99,0.37,NULL,2);
INSERT INTO "Item" VALUES(902,'美规电源转换插头','手机配件','318',4.99,0.37,NULL,2);
INSERT INTO "Item" VALUES(903,'美规电源转换插头','手机配件','318',4.99,0.37,NULL,2);
INSERT INTO "Item" VALUES(904,'美规电源转换插头','手机配件','318',4.99,0.37,NULL,2);
INSERT INTO "Item" VALUES(905,'美规电源转换插头','手机配件','318',4.99,0.37,NULL,2);
INSERT INTO "Item" VALUES(906,'美规电源转换插头','手机配件','318',4.99,0.37,NULL,2);
INSERT INTO "Item" VALUES(907,'美规电源转换插头','手机配件','318',4.99,0.37,NULL,2);
INSERT INTO "Item" VALUES(908,'美规电源转换插头','手机配件','318',4.99,0.37,NULL,2);
INSERT INTO "Item" VALUES(909,'美规电源转换插头','手机配件','318',4.99,0.37,NULL,2);
INSERT INTO "Item" VALUES(910,'纯色电脑包',7,'401',29.99,7.0,NULL,2);
INSERT INTO "Item" VALUES(911,'纯色电脑包',7,'401',29.99,7.0,NULL,2);
INSERT INTO "Item" VALUES(912,'纯色电脑包',7,'401',29.99,7.0,NULL,2);
INSERT INTO "Item" VALUES(913,'纯色电脑包',7,'401',29.99,7.0,NULL,2);
INSERT INTO "Item" VALUES(914,'纯色电脑包',7,'401',29.99,7.0,NULL,2);
INSERT INTO "Item" VALUES(915,'纯色电脑包',7,'401',29.99,7.0,NULL,2);
INSERT INTO "Item" VALUES(916,'纯色电脑包',7,'401',29.99,7.0,NULL,2);
INSERT INTO "Item" VALUES(917,'纯色电脑包',7,'401',29.99,7.0,NULL,2);
INSERT INTO "Item" VALUES(918,'纯色电脑包',7,'401',29.99,7.0,NULL,2);
INSERT INTO "Item" VALUES(919,'纯色电脑包',7,'401',29.99,7.0,NULL,2);
INSERT INTO "Item" VALUES(920,'纯色电脑包',7,'401',29.99,7.0,NULL,2);
INSERT INTO "Item" VALUES(921,'纯色电脑包',7,'401',29.99,7.0,NULL,2);
INSERT INTO "Item" VALUES(922,'纯色电脑包',7,'401',29.99,7.0,NULL,2);
INSERT INTO "Item" VALUES(923,'纯色电脑包',7,'401',29.99,7.0,NULL,2);
INSERT INTO "Item" VALUES(924,'纯色电脑包',7,'401',29.99,7.0,NULL,2);
INSERT INTO "Item" VALUES(925,'纯色电脑包',7,'401',29.99,7.0,NULL,2);
INSERT INTO "Item" VALUES(926,'纯色电脑包',7,'401',29.99,7.0,NULL,2);
INSERT INTO "Item" VALUES(927,'纯色电脑包',7,'401',29.99,7.0,NULL,2);
INSERT INTO "Item" VALUES(928,'纯色电脑包',7,'401',29.99,7.0,NULL,2);
INSERT INTO "Item" VALUES(929,'纯色电脑包',7,'401',29.99,7.0,NULL,2);
INSERT INTO "Item" VALUES(930,'迪士尼电脑包（黑紫玫红）',7,'402',49.99,17.33,NULL,2);
INSERT INTO "Item" VALUES(931,'迪士尼电脑包（黑紫玫红）',7,'402',49.99,17.33,NULL,2);
INSERT INTO "Item" VALUES(932,'迪士尼电脑包（黑紫玫红）',7,'402',49.99,17.33,NULL,2);
INSERT INTO "Item" VALUES(933,'单肩电脑包',7,'403',59.99,21.67,NULL,2);
INSERT INTO "Item" VALUES(934,'单肩电脑包',7,'403',59.99,21.67,NULL,2);
INSERT INTO "Item" VALUES(935,'单肩电脑包',7,'403',59.99,21.67,NULL,2);
INSERT INTO "Item" VALUES(936,'单肩电脑包',7,'403',59.99,21.67,NULL,2);
INSERT INTO "Item" VALUES(937,'单双肩电脑包（黑色棕色）',6,'404',99.99,25.33,NULL,2);
INSERT INTO "Item" VALUES(938,'单双肩电脑包（黑色棕色）',6,'404',99.99,25.33,NULL,2);
INSERT INTO "Item" VALUES(939,'学院风双肩包（黄蓝灰橙）',7,'405',39.99,11.67,NULL,2);
INSERT INTO "Item" VALUES(940,'学院风双肩包（黄蓝灰橙）',7,'405',39.99,11.67,NULL,2);
INSERT INTO "Item" VALUES(941,'学院风双肩包（黄蓝灰橙）',7,'405',39.99,11.67,NULL,2);
INSERT INTO "Item" VALUES(942,'学院风双肩包（黄蓝灰橙）',7,'405',39.99,11.67,NULL,2);
INSERT INTO "Item" VALUES(943,'方形双肩电脑包',7,'406',49.99,17.33,NULL,2);
INSERT INTO "Item" VALUES(944,'方形双肩电脑包',7,'406',49.99,17.33,NULL,2);
INSERT INTO "Item" VALUES(945,'方形双肩电脑包',7,'406',49.99,17.33,NULL,2);
INSERT INTO "Item" VALUES(946,'磨砂苹果保护壳（大）',7,'407',29.99,15.0,NULL,2);
INSERT INTO "Item" VALUES(947,'磨砂苹果保护壳（大）',7,'407',29.99,15.0,NULL,2);
INSERT INTO "Item" VALUES(948,'磨砂苹果保护壳（大）',7,'407',29.99,15.0,NULL,2);
INSERT INTO "Item" VALUES(954,'磨砂苹果保护壳（小）',7,'410',23.99,15.0,NULL,2);
INSERT INTO "Item" VALUES(955,'磨砂苹果保护壳（小）',7,'410',23.99,15.0,NULL,2);
INSERT INTO "Item" VALUES(956,'磨砂苹果保护壳（小）',7,'410',23.99,15.0,NULL,2);
INSERT INTO "Item" VALUES(957,'磨砂苹果保护壳（小）',7,'410',23.99,15.0,NULL,2);
INSERT INTO "Item" VALUES(958,'磨砂苹果保护壳（小）',7,'410',23.99,15.0,NULL,2);
INSERT INTO "Item" VALUES(959,'苹果手提键盘膜',7,'408',9.99,0.0,NULL,2);
INSERT INTO "Item" VALUES(960,'苹果手提键盘膜',7,'408',9.99,0.0,NULL,2);
INSERT INTO "Item" VALUES(961,'苹果手提键盘膜',7,'408',9.99,0.0,NULL,2);
INSERT INTO "Item" VALUES(962,'苹果手提键盘膜',7,'408',9.99,0.0,NULL,2);
INSERT INTO "Item" VALUES(963,'苹果手提键盘膜',7,'408',9.99,0.0,NULL,2);
INSERT INTO "Item" VALUES(964,'苹果手提键盘膜',7,'408',9.99,0.0,NULL,2);
INSERT INTO "Item" VALUES(965,'苹果手提键盘膜',7,'408',9.99,0.0,NULL,2);
INSERT INTO "Item" VALUES(966,'苹果手提键盘膜',7,'408',9.99,0.0,NULL,2);
INSERT INTO "Item" VALUES(967,'普通电脑键盘膜',7,'409',5.99,0.0,NULL,2);
INSERT INTO "Item" VALUES(968,'普通电脑键盘膜',7,'409',5.99,0.0,NULL,2);
INSERT INTO "Item" VALUES(969,'普通电脑键盘膜',7,'409',5.99,0.0,NULL,2);
CREATE TABLE Item_type (
id INTEGER PRIMARY KEY AUTOINCREMENT,
type_name varchar(255)
);
INSERT INTO "Item_type" VALUES(2,'cellphone case');
INSERT INTO "Item_type" VALUES(3,'cellphone screen protector');
INSERT INTO "Item_type" VALUES(4,'iPad case');
INSERT INTO "Item_type" VALUES(5,'iPad screen protector');
INSERT INTO "Item_type" VALUES(6,'cellphone accessories');
INSERT INTO "Item_type" VALUES(7,'computer accessories');
CREATE TABLE Invoice (
id INTEGER PRIMARY KEY AUTOINCREMENT,
total INTEGER,
timestamp INTEGER,
refund Boolean
);
INSERT INTO "Invoice" VALUES(5,39.99,1375832017150,0);
INSERT INTO "Invoice" VALUES(6,86.97,1376177761415,0);
CREATE TABLE Item_sold (
id INTEGER PRIMARY KEY AUTOINCREMENT,
item_name varchar(255),
item_type int,
plucode varchar(255),
price float,
cost float,
user_id int,
invoice_id int
, refund Boolean);
INSERT INTO "Item_sold" VALUES(2,'I5立体蜘蛛侠外壳',2,'102',39.99,5.0,2,2,0);
INSERT INTO "Item_sold" VALUES(3,'I5金属夜光壳',2,'101',49.99,6.67,2,2,0);
INSERT INTO "Item_sold" VALUES(7,'I5立体蜘蛛侠外壳',2,'102',23.994,5.0,2,5,0);
INSERT INTO "Item_sold" VALUES(8,'I5韩国SGP拉丝保护壳',2,'104',29.99,3.0,2,6,0);
INSERT INTO "Item_sold" VALUES(9,'I5韩国SGP拉丝保护壳',2,'104',29.99,3.0,2,6,0);
INSERT INTO "Item_sold" VALUES(10,'I5金属拉丝情侣壳',2,'103',26.99,2.67,2,6,0);
CREATE TABLE Version (
id INTEGER PRIMARY KEY AUTOINCREMENT,
timestamp varchar(255)
);
INSERT INTO "Version" VALUES(1,'201308031310');
INSERT INTO "Version" VALUES(2,'201308031310');
DELETE FROM sqlite_sequence;
INSERT INTO "sqlite_sequence" VALUES('User_role',3);
INSERT INTO "sqlite_sequence" VALUES('User',3);
INSERT INTO "sqlite_sequence" VALUES('Item_type',7);
INSERT INTO "sqlite_sequence" VALUES('Item',969);
INSERT INTO "sqlite_sequence" VALUES('Invoice',6);
INSERT INTO "sqlite_sequence" VALUES('Item_sold',10);
INSERT INTO "sqlite_sequence" VALUES('Version',2);
COMMIT;
